CustomerID,Age,Gender,AnnualIncome,TimeOnSite,ItemsInCart,LastPurchaseAmount,TotalSpending,IsSubscribed,LastPurchaseDate
1001,66,Male,106,11.6,9,5.0,45.97,1,2025-03-15
1002,18,Other,72,18.4,5,9.54,47.52,1,2025-03-12
1003,60,Female,65,16.9,3,5.0,8.42,0,2025-06-22
1004,55,Female,88,19.0,0,68.98,704.96,1,2024-11-20
1005,48,Male,35,19.0,6,5.0,13.66,0,2025-02-12
1006,59,Male,111,11.3,6,38.71,191.61,0,2024-10-30
1007,60,Other,38,11.4,7,5.0,37.1,1,2025-03-08
1008,25,Male,123,4.4,3,5.0,29.23,0,2025-07-01
1009,27,Female,34,15.2,5,5.0,7.04,0,2025-01-29
1010,68,Male,82,7.9,0,14.27,157.91,1,2025-04-21
1011,19,Female,33,4.1,7,59.02,1092.07,0,2025-05-23
1012,52,Female,118,13.8,3,17.7,175.89,1,2025-10-15
1013,55,Male,75,4.2,9,5.0,32.88,0,2025-09-29
1014,42,Male,97,18.2,0,5.84,59.61,1,2025-01-16
1015,30,Male,44,7.1,0,21.44,91.53,1,2025-10-11
1016,41,Male,90,18.5,2,7.23,68.64,0,2025-07-22
1017,53,Female,81,19.6,6,57.8,297.24,1,2025-10-17
1018,45,Female,63,10.7,2,5.0,26.61,0,2025-07-21
1019,74,Male,53,5.3,6,5.0,31.92,0,2025-01-12
1020,48,Male,56,17.0,1,73.43,331.7,1,2025-04-30
1021,59,Female,73,13.8,1,23.68,116.66,0,2025-02-06
1022,32,Female,47,3.0,7,32.69,134.98,0,2025-08-27
1023,71,Male,37,12.8,4,772.11,6121.4,1,2025-04-14
1024,23,Male,144,12.1,4,25.69,1085.62,0,2025-02-12
1025,31,Female,91,8.0,8,4.18,4.18,1,2024-11-30
1026,51,Male,49,9.4,1,7.69,37.29,1,2025-07-07
1027,20,Male,118,8.4,5,5.0,24.0,0,2025-05-14
1028,44,Male,76,4.5,3,8.41,168.47,0,2025-06-15
1029,32,Female,111,13.9,6,5.0,105.96,0,2025-08-21
1030,66,Female,47,14.7,8,66.24,513.43,0,2025-10-18
1031,70,Female,40,19.5,6,76.86,832.49,0,2025-01-02
1032,40,Male,61,16.4,1,25.71,116.31,0,2025-02-19
1033,18,Male,134,15.4,4,5.0,84.69,0,2024-11-15
1034,34,Male,121,9.2,2,34.32,256.01,1,2025-04-11
1035,54,Male,120,20.0,8,23.8,147.89,1,2025-05-27
1036,68,Female,81,11.1,4,5.41,72.34,1,2025-08-18
1037,49,Female,35,8.5,8,8.73,104.71,0,2025-02-24
1038,61,Male,91,10.5,1,88.2,698.75,0,2025-05-29
1039,41,Male,141,9.9,6,18.47,132.95,0,2025-01-20
1040,21,Male,73,10.4,2,11.53,73.64,1,2025-08-25
1041,42,Female,83,19.7,1,141.19,1382.94,1,2025-01-03
1042,25,Female,83,14.6,3,27.51,123.47,1,2025-03-19
1043,34,Male,63,6.8,2,5.0,8.46,0,2025-01-13
1044,64,Male,104,14.1,4,17.35,750.99,0,2025-03-22
1045,60,Male,32,17.9,3,31.31,145.8,0,2025-03-30
1046,43,Female,67,16.5,0,23.57,159.24,0,2025-09-20
1047,72,Female,33,11.0,5,14.62,62.31,0,2025-02-24
1048,58,Male,68,18.9,7,9.73,63.14,0,2025-02-19
1049,32,Male,146,7.5,3,26.61,300.32,0,2025-07-02
1050,40,Male,89,6.4,7,54.3,576.77,0,2025-08-30
1051,73,Male,121,16.4,6,5.0,15.52,0,2025-01-21
1052,61,Male,71,6.0,8,16.18,66.32,1,2025-09-07
1053,44,Female,26,19.0,5,32.3,207.94,0,2025-07-25
1054,65,Female,122,17.4,0,7.11,35.14,1,2025-05-31
1055,69,Male,90,18.9,1,830.31,13502.09,1,2024-11-13
1056,21,Female,114,10.6,6,189.83,766.92,1,2025-07-31
1057,68,Female,149,13.0,4,73.13,356.5,0,2024-12-16
1058,61,Other,110,13.1,9,49.24,263.34,0,2024-11-11
1059,62,Female,26,13.4,3,14.91,144.2,1,2024-11-11
1060,52,Female,92,6.5,0,27.77,137.95,1,2025-04-30
1061,54,Male,130,12.4,0,161.24,903.95,0,2025-01-16
1062,29,Female,31,8.8,2,5.0,5.39,0,2025-06-18
1063,58,Female,102,19.1,9,35.39,147.24,1,2024-12-29
1064,24,Male,32,7.0,6,7.34,236.41,0,2025-08-08
1065,43,Female,53,19.4,6,5.0,8.83,1,2024-11-05
1066,71,Male,68,4.2,0,5.0,77.36,1,2025-05-18
1067,19,Female,80,4.5,6,5.14,147.37,0,2025-05-31
1068,46,Female,48,15.3,0,103.61,513.12,1,2025-08-09
1069,26,Male,58,15.1,1,15.11,88.69,0,2024-12-27
1070,20,Female,79,10.8,3,42.84,257.14,1,2025-01-27
1071,57,Male,49,5.9,5,47.45,546.71,1,2025-02-06
1072,42,Male,131,13.4,3,3.76,3.76,0,2025-05-22
1073,39,Male,51,15.2,3,17.13,73.61,1,2025-04-23
1074,57,Male,134,10.8,6,41.83,489.91,1,2025-05-02
1075,32,Female,136,10.4,4,5.0,44.43,0,2024-10-27
1076,64,Female,106,6.6,4,5.0,20.06,0,2025-04-29
1077,29,Male,115,9.4,9,22.52,338.47,0,2024-12-11
1078,43,Male,72,11.1,5,317.44,1638.96,1,2025-01-05
1079,21,Other,61,17.4,7,5.51,64.97,0,2025-04-28
1080,49,Male,100,15.9,3,21.55,128.83,0,2025-09-14
1081,74,Female,102,14.8,3,13.54,135.86,0,2025-03-30
1082,23,Female,93,5.5,0,5.89,169.03,0,2025-07-16
1083,37,Female,66,8.0,4,5.0,45.88,0,2025-06-20
1084,25,Female,122,18.8,9,5.0,10.03,1,2024-10-29
1085,26,Male,73,4.8,3,5.0,28.94,0,2024-11-11
1086,32,Female,146,4.1,5,6.07,74.79,1,2025-05-26
1087,42,Male,128,18.5,8,7.02,39.2,0,2025-07-14
1088,19,Male,95,4.4,5,23.54,268.61,1,2024-10-27
1089,66,Female,33,5.2,5,8.03,53.65,0,2025-04-18
1090,68,Female,85,16.5,1,12.54,54.94,0,2025-09-01
1091,61,Female,78,5.9,7,7.46,76.79,1,2025-05-19
1092,36,Male,20,5.6,4,80.4,661.42,0,2024-12-10
1093,53,Female,43,15.2,8,8.95,73.89,0,2025-06-11
1094,43,Male,64,12.0,2,31.94,197.44,1,2025-02-21
1095,55,Female,52,9.1,4,39.04,290.41,0,2025-08-23
1096,36,Other,78,9.3,9,88.82,381.11,0,2025-01-10
1097,39,Female,93,9.0,8,14.73,142.78,0,2025-09-21
1098,50,Female,33,5.4,7,37.07,206.27,1,2025-10-03
1099,20,Male,121,4.6,8,8.21,156.03,0,2024-11-28
1100,74,Male,128,6.9,6,970.78,4499.19,0,2024-10-20
1101,51,Female,146,3.1,2,5.0,61.17,0,2024-11-08
1102,73,Female,49,19.3,9,164.44,799.03,1,2025-06-09
1103,42,Female,122,7.1,7,7.98,49.53,0,2024-12-06
1104,43,Female,91,9.8,3,19.77,350.23,1,2025-02-08
1105,52,Female,112,12.2,5,384.24,1731.68,0,2025-02-13
1106,40,Female,75,13.9,7,5.0,62.23,1,2025-03-26
1107,42,Male,67,10.8,9,5.2,22.62,1,2024-10-19
1108,74,Male,136,7.2,7,363.7,4455.15,0,2025-06-30
1109,40,Male,96,10.1,9,29.87,305.28,0,2025-04-14
1110,20,Female,147,18.0,9,21.86,119.15,0,2025-04-20
1111,26,Male,38,19.1,2,5.27,44.02,1,2024-11-26
1112,25,Male,41,16.7,8,52.95,316.67,0,2024-12-15
1113,50,Male,23,15.6,9,18.09,392.72,1,2025-08-13
1114,50,Male,139,15.1,3,80.0,453.07,1,2025-04-29
1115,35,Female,31,17.3,2,29.52,146.7,1,2025-03-13
1116,54,Female,22,8.1,5,89.53,899.02,1,2025-06-18
1117,61,Male,107,10.4,5,31.56,259.71,1,2025-02-08
1118,36,Female,20,11.5,8,14.95,88.3,1,2024-11-02
1119,50,Female,148,19.0,3,5.0,116.57,0,2025-02-05
1120,24,Male,87,8.8,8,11.84,71.49,0,2025-05-09
1121,51,Female,122,9.4,7,5.0,54.67,1,2024-10-20
1122,48,Female,46,18.9,8,8.57,77.69,0,2025-08-11
1123,70,Female,24,8.7,7,5.0,33.23,1,2025-04-14
1124,74,Female,119,17.2,6,134.54,1218.6,0,2025-03-11
1125,56,Male,80,11.3,8,18.9,806.21,1,2024-12-12
1126,67,Male,39,18.7,3,245.16,1723.03,0,2024-12-12
1127,55,Female,97,12.7,0,5.0,27.12,0,2024-11-10
1128,46,Male,45,3.8,3,21.5,139.01,1,2025-05-01
1129,41,Male,80,18.3,7,5.0,26.51,1,2024-11-16
1130,24,Male,43,7.5,0,146.37,695.05,0,2025-02-18
1131,22,Male,80,15.7,0,59.77,299.35,0,2025-04-21
1132,41,Male,118,12.8,5,5.42,26.07,0,2025-04-24
1133,68,Female,94,9.8,4,9.99,76.59,1,2025-02-21
1134,55,Female,26,4.1,7,11.09,67.99,1,2025-05-18
1135,44,Female,104,18.0,8,5.0,31.21,1,2024-11-19
1136,36,Male,101,3.1,9,1.14,1.14,1,2025-01-11
1137,44,Female,135,8.5,2,0.93,0.93,0,2024-11-16
1138,23,Male,83,11.5,2,7.08,93.37,0,2025-02-08
1139,71,Female,132,13.3,7,5.0,27.14,0,2025-08-28
1140,69,Male,91,16.9,5,5.0,23.47,1,2024-12-30
1141,53,Female,73,19.4,7,49.89,370.44,0,2025-09-07
1142,27,Male,44,13.7,2,173.64,708.72,1,2024-10-25
1143,54,Male,78,4.0,1,6.02,25.97,1,2025-07-31
1144,43,Male,81,15.1,5,6.34,30.35,0,2025-05-23
1145,35,Female,56,8.0,1,12.77,97.34,0,2025-10-04
1146,57,Male,128,5.1,0,5.0,10.0,0,2025-01-04
1147,58,Male,42,9.5,3,6.12,91.86,0,2025-03-13
1148,40,Female,66,12.3,7,43.3,471.76,0,2025-06-14
1149,42,Female,35,17.5,4,11.27,51.47,0,2025-01-02
1150,32,Male,45,17.9,8,5.15,69.27,0,2025-04-29
1151,21,Other,21,12.4,8,41.71,673.59,0,2024-12-30
1152,24,Female,50,17.2,8,10.78,79.11,0,2024-10-21
1153,22,Female,73,4.3,4,6.02,50.22,0,2025-06-28
1154,59,Female,24,3.4,3,90.65,393.74,0,2025-02-16
1155,32,Male,119,13.6,2,46.3,227.91,0,2025-03-03
1156,61,Female,99,10.5,0,5.0,26.38,0,2025-03-19
1157,65,Male,115,3.5,4,39.1,203.73,1,2025-01-04
1158,57,Female,130,11.2,7,26.32,353.27,0,2025-10-07
1159,51,Female,77,4.9,3,19.65,184.21,1,2024-10-24
1160,42,Male,127,6.1,8,7.33,230.91,1,2025-06-15
1161,30,Female,28,11.0,8,18.14,182.54,0,2025-08-20
1162,32,Female,133,15.7,7,34.22,156.03,1,2025-05-16
1163,40,Female,50,5.0,8,9.05,77.12,0,2025-06-22
1164,39,Female,27,11.2,9,71.77,470.79,0,2025-02-13
1165,50,Female,93,17.8,0,15.69,319.14,0,2025-09-09
1166,46,Male,93,17.2,8,10.23,83.42,1,2025-02-21
1167,56,Female,96,12.7,8,5.91,128.15,0,2025-04-20
1168,37,Male,137,18.4,8,39.78,178.43,1,2025-09-21
1169,73,Male,95,11.6,0,5.0,13.43,1,2025-06-02
1170,32,Female,102,16.7,4,5.0,74.72,0,2025-06-17
1171,63,Male,121,15.1,2,14.34,65.02,1,2025-01-22
1172,40,Male,78,14.1,7,32.51,203.46,0,2024-11-30
1173,70,Female,64,19.5,5,22.95,275.21,0,2025-01-22
1174,47,Male,42,19.7,7,20.32,601.2,1,2025-10-12
1175,62,Male,98,7.7,3,9.87,40.43,1,2025-07-01
1176,38,Female,100,12.0,4,5.0,15.33,1,2025-07-29
1177,67,Male,140,8.7,9,6.56,67.02,0,2025-06-24
1178,35,Female,41,9.0,8,5.0,16.34,0,2025-02-03
1179,60,Male,85,17.2,3,5.0,20.66,1,2025-05-19
1180,68,Male,58,14.9,1,10.49,45.64,0,2025-07-02
1181,48,Female,129,16.2,1,5.0,43.66,0,2025-01-07
1182,20,Female,69,14.2,5,48.82,220.12,0,2025-06-14
1183,36,Female,110,10.8,9,16.14,202.06,0,2025-04-22
1184,42,Male,70,12.4,5,5.0,12.02,0,2024-12-20
1185,50,Other,133,7.5,9,32.88,176.03,1,2025-07-26
1186,52,Female,144,10.7,5,5.0,12.86,0,2024-12-13
1187,50,Female,87,9.5,3,5.41,99.25,0,2025-05-01
1188,73,Male,136,19.9,2,8.44,78.44,1,2025-04-19
1189,55,Male,129,3.1,1,24.83,100.47,1,2025-09-06
1190,34,Female,87,7.7,4,5.0,58.79,1,2024-11-05
1191,25,Male,130,10.4,2,5.0,16.81,0,2025-03-17
1192,45,Male,52,9.7,9,38.68,156.24,1,2025-06-14
1193,65,Male,82,6.4,4,6.46,67.59,0,2025-03-30
1194,73,Female,123,13.4,8,17.59,161.24,0,2025-02-01
1195,61,Female,64,15.2,1,7.99,42.31,0,2025-09-02
1196,54,Female,60,13.1,6,9.05,48.58,1,2025-07-13
1197,69,Female,77,4.0,8,20.26,103.34,0,2025-08-04
1198,23,Female,85,14.5,6,23.26,240.03,0,2025-07-19
1199,48,Male,83,19.1,1,32.0,203.05,0,2025-08-18
1200,73,Female,120,9.9,8,4.89,4.89,0,2025-01-20
1201,20,Male,98,7.2,4,62.17,258.58,0,2025-05-02
1202,68,Female,141,6.9,5,36.17,277.4,1,2025-09-12
1203,47,Female,132,13.4,6,11.04,46.51,0,2025-03-01
1204,18,Female,38,10.1,5,19.24,82.67,0,2025-08-13
1205,68,Male,129,17.4,0,84.91,443.1,0,2024-10-19
1206,55,Female,71,10.6,7,7.7,44.33,0,2025-01-21
1207,48,Male,143,12.0,6,5.0,12.97,0,2024-11-23
1208,47,Female,115,13.2,6,61.56,320.75,1,2025-01-09
1209,19,Female,118,4.2,9,13.49,136.9,1,2025-07-28
1210,69,Male,55,6.1,6,12.79,64.58,1,2025-10-11
1211,30,Male,78,8.6,5,76.83,393.85,1,2025-10-03
1212,57,Female,137,15.2,6,5.0,10.55,0,2025-03-01
1213,74,Male,123,17.0,6,5.0,7.81,1,2025-01-11
1214,69,Female,84,18.4,6,5.9,37.1,0,2025-09-25
1215,69,Male,144,9.5,4,22.08,100.99,0,2025-10-18
1216,68,Male,78,16.2,7,50.78,490.01,1,2025-02-25
1217,68,Male,32,6.5,8,11.44,45.87,0,2024-12-18
1218,63,Female,71,18.6,1,75.17,664.05,1,2025-04-21
1219,41,Female,34,3.5,1,225.65,2045.76,0,2024-12-31
1220,33,Female,56,13.7,0,71.61,324.69,1,2024-12-06
1221,56,Female,135,6.1,4,34.94,185.81,1,2025-01-08
1222,55,Male,30,12.7,6,63.84,357.26,0,2025-01-25
1223,46,Female,29,16.9,8,5.0,9.52,1,2025-06-08
1224,27,Female,94,20.0,4,170.72,723.02,0,2025-03-09
1225,31,Male,38,18.5,6,13.29,304.67,1,2025-09-03
1226,67,Female,26,11.9,0,5.0,9.25,0,2025-09-05
1227,20,Male,34,19.6,1,5.0,8.24,0,2025-05-10
1228,21,Female,74,11.9,3,5.0,81.18,1,2024-11-29
1229,66,Female,143,18.8,4,156.48,830.29,0,2025-03-04
1230,53,Male,59,13.0,3,201.95,1712.1,0,2025-05-22
1231,61,Male,32,4.4,5,5.66,39.93,1,2025-08-09
1232,33,Female,78,15.9,6,84.75,386.07,1,2025-04-19
1233,53,Male,34,19.0,5,14.98,634.79,1,2025-08-27
1234,50,Male,106,3.5,9,6.75,48.33,1,2025-10-03
1235,20,Female,110,6.8,1,58.13,335.79,0,2025-09-07
1236,44,Male,102,7.9,0,5.0,37.78,1,2025-08-22
1237,74,Male,124,11.6,7,20.99,252.6,1,2024-12-21
1238,42,Female,110,7.8,7,154.5,772.17,1,2025-06-19
1239,30,Male,140,11.9,0,5.0,39.44,0,2025-01-17
1240,29,Male,130,12.7,5,28.39,115.37,1,2025-06-23
1241,19,Female,89,5.1,3,5.86,240.03,0,2025-04-09
1242,40,Male,72,18.7,6,13.21,99.74,1,2025-09-05
1243,39,Other,67,18.2,9,19.73,143.51,0,2025-05-09
1244,51,Female,34,16.0,1,113.66,469.61,0,2025-02-13
1245,33,Male,108,3.3,3,16.8,193.61,0,2025-07-01
1246,46,Male,130,15.2,1,117.85,600.41,1,2025-08-19
1247,62,Other,105,4.4,5,7.32,99.95,0,2025-06-14
1248,58,Male,68,12.8,8,24.11,1062.31,1,2025-02-06
1249,20,Male,139,18.6,4,14.34,119.35,1,2024-11-25
1250,66,Male,41,6.1,1,33.22,797.55,0,2024-11-20
1251,21,Female,58,3.8,3,5.0,32.42,1,2025-04-09
1252,42,Female,66,17.6,6,5.0,40.4,1,2025-08-25
1253,35,Male,141,8.7,6,7.31,35.48,0,2025-09-01
1254,20,Female,45,5.2,5,7.01,141.37,1,2025-04-01
1255,18,Female,140,14.3,9,31.42,201.02,1,2024-12-03
1256,30,Female,54,10.2,2,10.13,50.29,0,2024-11-25
1257,54,Female,69,15.7,6,72.12,291.39,0,2025-10-02
1258,28,Male,59,13.8,9,109.94,1212.12,0,2025-02-22
1259,19,Female,89,5.2,6,8.33,41.73,0,2025-07-22
1260,71,Female,129,5.0,9,69.52,395.03,1,2025-06-04
1261,59,Female,87,18.2,6,6.73,73.28,1,2025-08-27
1262,54,Male,60,10.4,2,956.03,6514.38,1,2025-02-07
1263,54,Female,109,15.6,3,70.88,283.76,0,2025-08-02
1264,72,Male,96,14.0,9,15.36,75.41,0,2025-10-11
1265,71,Male,64,19.5,1,164.08,1536.77,0,2024-12-08
1266,59,Female,81,16.6,3,12.9,65.53,0,2025-04-25
1267,31,Female,145,7.4,0,16.78,91.68,0,2025-08-07
1268,28,Female,108,10.3,1,8.97,45.86,1,2025-02-13
1269,32,Male,83,11.4,9,28.76,259.94,0,2024-12-05
1270,60,Male,38,11.8,4,5.0,129.27,0,2025-03-15
1271,41,Female,125,16.1,3,17.02,96.09,0,2025-04-07
1272,31,Other,70,8.3,5,54.59,496.71,1,2025-04-13
1273,25,Female,48,8.7,4,18.83,598.39,0,2025-08-08
1274,30,Female,116,7.0,0,41.02,256.5,0,2025-07-28
1275,54,Female,45,11.4,6,52.39,240.2,1,2025-06-24
1276,48,Female,73,16.2,3,23.69,150.35,0,2025-05-12
1277,36,Male,96,9.1,7,10.72,56.02,1,2025-07-14
1278,57,Female,88,9.4,8,44.6,228.81,0,2025-06-12
1279,70,Female,50,11.7,8,25.42,138.89,0,2025-05-07
1280,31,Male,132,14.8,6,5.0,9.2,1,2025-05-03
1281,24,Male,46,19.4,2,5.0,32.24,0,2025-09-28
1282,49,Female,144,11.2,9,282.32,1858.53,0,2025-03-13
1283,33,Male,53,5.3,3,32.06,222.34,1,2024-12-26
1284,54,Male,137,9.9,5,39.45,180.3,0,2025-07-29
1285,64,Male,104,18.0,2,21.19,87.27,1,2024-11-23
1286,72,Male,93,14.8,5,305.87,2038.29,0,2025-08-19
1287,49,Male,110,10.7,8,35.8,365.18,0,2025-08-27
1288,52,Female,23,15.8,5,5.0,11.28,0,2025-04-03
1289,53,Female,93,12.8,1,6.52,32.21,0,2024-11-18
1290,57,Male,53,7.6,2,29.36,322.77,0,2025-02-07
1291,69,Female,95,9.5,3,25.19,442.04,1,2024-11-02
1292,22,Other,128,13.4,4,5.0,20.25,0,2025-08-22
1293,34,Male,60,11.4,2,45.74,184.11,0,2025-05-14
1294,37,Female,91,13.5,9,72.62,298.97,1,2024-12-22
1295,71,Female,101,4.8,8,5.0,9.32,1,2025-07-07
1296,29,Female,68,19.4,5,6.19,57.74,0,2025-02-18
1297,34,Male,56,14.1,2,35.11,158.82,1,2025-09-26
1298,41,Female,50,10.0,3,615.11,2753.83,1,2025-02-11
1299,36,Female,74,19.0,8,12.01,167.29,0,2025-01-31
1300,58,Male,138,17.7,3,295.81,2938.94,1,2024-11-10
1301,56,Male,52,7.9,3,23.89,112.75,1,2025-05-28
1302,73,Male,50,10.6,4,10.83,75.43,0,2025-04-04
1303,25,Female,51,16.8,9,90.6,1187.28,1,2025-08-30
1304,20,Female,119,10.7,8,5.83,37.1,0,2025-03-11
1305,68,Female,122,16.6,9,5.0,35.9,1,2025-02-05
1306,55,Female,144,7.8,7,5.0,13.32,0,2025-09-14
1307,52,Female,37,9.0,0,261.48,2313.84,0,2025-07-22
1308,47,Male,129,13.6,6,5.0,97.02,1,2025-03-31
1309,69,Female,139,3.9,0,13.71,76.6,0,2024-11-11
1310,53,Male,137,4.2,0,15.56,93.25,0,2025-04-27
1311,71,Male,148,10.7,2,5.0,81.03,0,2025-09-06
1312,46,Male,38,19.2,3,9.21,37.41,1,2025-07-02
1313,30,Male,31,19.5,8,17.04,350.72,1,2025-04-15
1314,22,Female,117,7.4,1,29.65,242.12,1,2025-03-19
1315,69,Other,118,8.0,5,13.86,160.43,0,2024-12-26
1316,69,Female,73,3.6,8,128.2,579.03,0,2025-08-22
1317,62,Male,142,18.0,0,16.19,102.56,0,2025-04-20
1318,31,Other,125,7.7,0,5.81,40.09,0,2025-04-20
1319,68,Male,91,16.4,4,5.16,115.36,1,2025-02-13
1320,35,Female,142,7.8,4,19.8,241.9,0,2025-07-09
1321,61,Other,149,15.7,8,57.11,450.81,1,2025-03-31
1322,55,Male,31,17.1,4,19.67,78.99,0,2025-06-18
1323,54,Male,38,5.5,3,5.74,54.37,1,2025-05-23
1324,30,Female,106,16.5,2,6.92,48.79,1,2024-11-25
1325,36,Female,51,17.2,6,381.41,2189.39,0,2025-03-29
1326,27,Female,126,19.9,1,5.0,18.97,1,2025-01-06
1327,25,Male,79,15.2,0,5.0,15.99,0,2025-07-29
1328,25,Female,47,6.6,5,68.57,299.98,0,2025-03-03
1329,28,Female,128,19.8,5,8.04,35.09,0,2025-09-01
1330,41,Male,128,9.2,0,44.1,180.24,1,2025-10-14
1331,58,Male,144,16.5,3,32.67,187.22,0,2024-11-11
1332,32,Female,138,19.6,6,20.08,164.11,1,2025-07-15
1333,41,Female,90,14.1,2,5.0,16.36,1,2025-09-04
1334,47,Female,37,19.8,3,509.67,3708.3,0,2025-03-20
1335,22,Female,25,6.9,0,5.0,13.87,1,2024-12-31
1336,65,Male,111,3.4,7,5.0,8.06,0,2025-01-29
1337,72,Female,88,9.5,3,5.0,106.52,0,2025-04-29
1338,63,Male,119,10.1,0,11.49,77.69,1,2025-03-16
1339,48,Female,118,9.0,2,5.0,21.46,1,2025-09-16
1340,55,Male,73,9.9,8,50.77,424.74,0,2025-10-12
1341,68,Male,71,16.5,8,6.89,37.64,1,2025-09-10
1342,70,Female,39,18.1,5,14.19,60.08,0,2025-06-10
1343,39,Female,150,18.0,4,92.01,1313.14,1,2025-07-10
1344,31,Female,65,9.6,5,133.35,1704.03,1,2025-02-13
1345,43,Female,47,4.2,9,19.49,113.4,0,2025-06-30
1346,67,Female,136,17.1,8,26.09,113.52,0,2025-01-08
1347,35,Female,145,11.1,7,216.47,1057.07,0,2025-03-10
1348,73,Female,139,19.7,8,52.68,467.7,1,2024-12-12
1349,38,Male,24,13.6,2,5.0,32.68,0,2024-11-24
1350,71,Male,71,14.4,0,13.49,69.51,1,2025-07-26
1351,70,Male,71,9.5,1,18.87,318.57,1,2025-03-31
1352,21,Male,94,9.3,5,5.0,36.4,0,2025-08-03
1353,22,Other,86,15.0,5,5.0,48.79,0,2025-07-14
1354,42,Male,109,19.1,1,10.51,66.95,0,2025-01-02
1355,19,Male,125,6.3,2,5.0,46.66,0,2025-07-05
1356,54,Male,130,11.4,3,8.37,40.9,0,2025-07-10
1357,31,Female,31,9.6,8,41.73,506.85,1,2025-03-25
1358,65,Male,21,4.5,9,61.11,1339.59,0,2025-10-17
1359,38,Female,134,10.4,4,5.0,11.52,0,2025-05-22
1360,62,Female,77,7.0,3,32.36,181.96,0,2025-03-03
1361,26,Female,60,17.7,3,5.0,27.2,0,2024-12-14
1362,39,Female,81,3.1,7,14.21,62.17,1,2025-07-20
1363,32,Male,107,4.2,6,5.0,19.38,0,2025-05-27
1364,53,Female,31,13.4,1,24.26,144.0,0,2025-10-18
1365,50,Male,56,8.7,7,12.2,130.43,0,2025-01-12
1366,35,Female,70,3.6,2,19.78,139.91,1,2024-12-11
1367,53,Female,129,6.5,5,313.52,1452.1,0,2024-11-07
1368,74,Male,43,16.9,5,5.0,6.17,0,2025-08-18
1369,67,Male,132,11.8,8,5.0,27.95,1,2024-11-01
1370,73,Male,65,8.4,5,5.0,7.11,1,2025-06-27
1371,47,Female,65,5.4,2,5.0,22.83,1,2024-11-21
1372,57,Male,147,19.4,1,35.0,232.87,1,2024-12-08
1373,61,Female,131,15.0,6,122.34,687.54,1,2024-11-14
1374,57,Female,50,12.6,0,7.12,32.79,0,2025-10-18
1375,64,Male,21,19.6,0,24.72,170.18,1,2024-11-23
1376,68,Female,131,12.2,1,19.92,340.17,0,2025-10-15
1377,37,Male,40,7.0,3,17.03,161.58,1,2025-04-08
1378,44,Female,71,17.3,9,5.0,12.86,1,2025-05-03
1379,65,Male,20,11.4,9,134.72,1072.76,0,2025-04-12
1380,53,Male,115,19.7,3,5.0,15.41,1,2024-11-04
1381,33,Male,120,8.3,6,78.27,418.91,1,2025-07-25
1382,49,Male,88,12.0,1,10.38,99.94,1,2025-10-02
1383,54,Female,56,14.2,0,98.32,1693.92,0,2024-11-06
1384,33,Male,49,16.9,2,28.94,241.62,1,2025-04-12
1385,68,Female,70,11.8,9,5.0,50.95,1,2025-04-29
1386,66,Female,93,10.6,2,6.52,52.95,1,2025-08-18
1387,49,Other,98,11.1,2,5.0,76.67,1,2025-08-19
1388,61,Female,132,7.3,8,13.64,105.59,1,2025-01-04
1389,71,Female,141,4.6,1,33.17,248.79,0,2025-09-12
1390,47,Female,31,14.7,6,5.0,54.11,1,2025-07-11
1391,49,Male,87,5.8,9,184.47,1158.82,0,2025-02-09
1392,68,Female,54,11.7,0,9.68,127.0,0,2025-09-15
1393,31,Male,120,19.7,6,5.0,95.51,0,2025-05-28
1394,31,Female,47,6.3,8,25.23,603.94,0,2025-02-05
1395,48,Male,35,6.7,9,38.36,178.07,1,2025-06-09
1396,30,Male,129,12.0,4,5.0,23.55,0,2025-04-01
1397,73,Male,78,14.9,8,5.0,28.23,0,2025-08-22
1398,24,Male,85,19.9,5,7.67,50.73,1,2025-09-14
1399,70,Female,123,9.4,1,8.42,56.6,0,2025-02-09
1400,35,Male,103,16.0,6,52.74,213.89,0,2025-10-18
1401,18,Female,140,15.6,1,23.69,172.84,1,2025-02-05
1402,61,Male,119,4.4,3,5.0,8.6,0,2024-12-29
1403,30,Male,69,10.4,7,13.58,107.75,1,2024-12-18
1404,59,Male,50,8.5,7,10.96,97.4,0,2025-03-09
1405,19,Other,67,14.6,7,98.0,487.73,0,2025-04-14
1406,66,Female,87,5.4,4,34.1,230.82,1,2025-10-05
1407,30,Male,101,13.7,6,5.0,75.86,0,2025-03-29
1408,74,Male,82,10.8,1,1117.65,5441.0,0,2024-11-04
1409,24,Male,103,8.8,5,5.0,31.26,1,2025-04-20
1410,69,Male,108,10.1,8,17.24,362.88,0,2025-07-05
1411,25,Female,35,12.8,2,5.0,12.77,1,2024-10-28
1412,39,Male,81,7.8,1,11.5,102.43,0,2025-04-07
1413,52,Male,135,15.2,5,28.14,202.55,0,2025-06-19
1414,50,Male,125,5.5,1,320.65,2113.81,0,2025-01-22
1415,64,Female,103,11.8,9,18.55,93.14,0,2025-04-03
1416,24,Female,115,12.1,6,5.0,47.31,1,2025-01-01
1417,73,Female,112,13.1,5,8.08,74.65,1,2025-07-06
1418,22,Female,53,18.4,1,9.0,41.05,0,2024-12-15
1419,66,Female,100,11.1,6,110.38,658.49,1,2025-01-31
1420,42,Female,124,4.8,6,10.1,45.79,0,2024-11-08
1421,48,Female,49,3.5,0,5.62,49.3,0,2025-06-12
1422,71,Female,33,13.9,2,29.62,121.72,0,2025-02-27
1423,19,Male,33,18.0,5,5.0,117.29,0,2024-11-29
1424,29,Female,33,6.7,5,5.0,7.85,0,2025-07-27
1425,67,Male,78,15.1,1,5.0,89.41,1,2025-03-01
1426,21,Female,42,7.1,5,97.5,1024.12,0,2024-11-25
1427,57,Female,126,10.4,0,87.69,477.04,1,2024-12-20
1428,20,Female,150,3.7,9,20.16,83.56,0,2025-04-04
1429,52,Male,95,19.1,3,29.36,306.46,0,2025-09-15
1430,69,Female,128,11.7,8,5.0,13.06,0,2025-03-02
1431,74,Female,105,10.6,5,12.8,369.02,0,2025-04-11
1432,71,Other,23,15.2,6,5.0,28.35,1,2025-08-05
1433,54,Male,76,17.8,5,5.0,6.48,0,2025-01-05
1434,29,Female,27,13.0,2,286.82,1983.87,1,2025-04-29
1435,30,Female,114,14.8,1,5.0,57.69,1,2024-11-16
1436,37,Male,54,18.9,4,5.0,13.48,1,2024-11-29
1437,70,Female,114,14.5,7,274.49,1477.86,0,2025-07-18
1438,43,Male,30,14.9,2,5.0,34.73,0,2025-06-17
1439,44,Female,20,8.8,9,5.0,72.95,1,2025-06-06
1440,53,Other,104,6.8,3,19.43,84.95,1,2025-08-11
1441,22,Male,112,4.9,8,30.72,1398.76,0,2025-07-12
1442,20,Female,111,7.8,4,201.47,1415.04,1,2024-12-13
1443,62,Female,141,16.6,4,10.04,123.17,0,2025-01-22
1444,60,Female,86,12.4,2,73.71,338.18,0,2025-07-14
1445,43,Male,116,13.7,7,62.05,458.31,1,2025-07-28
1446,41,Male,88,5.7,7,6.98,64.81,1,2025-03-10
1447,21,Male,37,5.4,9,9.9,122.51,0,2025-06-12
1448,42,Male,52,14.8,4,9.76,104.09,0,2024-12-22
1449,39,Female,111,19.6,2,24.02,211.18,1,2025-01-16
1450,66,Male,147,5.0,5,36.4,230.14,0,2024-12-26
1451,31,Female,96,17.4,3,57.17,363.43,0,2025-05-05
1452,58,Male,136,12.0,1,68.7,435.34,1,2024-12-13
1453,19,Female,96,17.4,5,124.35,843.51,1,2025-02-18
1454,37,Other,68,4.1,8,5.0,5.29,0,2025-06-23
1455,32,Female,58,3.8,6,14.82,70.54,0,2025-02-19
1456,65,Male,128,18.7,2,75.51,581.56,0,2024-11-15
1457,32,Female,30,10.7,3,21.31,318.28,0,2025-08-21
1458,70,Female,124,19.4,6,5.0,63.05,0,2025-07-08
1459,71,Male,65,7.1,4,14.84,65.57,0,2024-12-16
1460,44,Female,79,14.9,1,55.38,606.95,0,2024-12-06
1461,27,Male,20,12.2,9,47.24,283.13,0,2025-08-06
1462,56,Female,34,14.3,8,1175.5,18416.77,0,2024-10-27
1463,52,Female,46,19.2,2,10.44,148.02,0,2025-10-02
1464,35,Male,103,14.3,2,149.74,877.88,0,2025-08-09
1465,44,Male,69,14.2,2,5.0,20.56,1,2025-08-06
1466,32,Male,42,13.3,4,30.82,279.91,1,2025-02-07
1467,19,Female,137,9.0,3,220.02,1599.14,0,2024-10-23
1468,19,Female,68,13.7,7,341.82,1482.8,1,2025-08-29
1469,58,Male,75,14.4,3,27.23,132.07,0,2025-05-02
1470,38,Male,111,17.8,3,322.32,2389.73,0,2025-02-04
1471,72,Male,63,8.7,1,5.0,13.77,1,2025-10-11
1472,19,Male,45,7.3,9,5.0,41.68,1,2025-09-28
1473,43,Female,24,19.5,4,27.61,125.17,1,2025-09-22
1474,47,Female,84,19.0,7,57.47,304.38,0,2025-09-24
1475,24,Other,97,3.1,3,5.0,5.73,0,2025-09-09
1476,19,Male,80,4.4,3,5.0,28.29,0,2024-12-20
1477,35,Female,131,11.6,3,39.87,411.08,0,2025-07-05
1478,61,Male,58,12.4,2,14.65,84.34,0,2025-09-20
1479,48,Female,97,18.5,9,8.36,50.18,0,2025-07-12
1480,70,Male,62,8.1,0,53.76,429.95,0,2025-09-25
1481,55,Male,58,16.3,3,269.06,2408.66,1,2025-01-02
1482,20,Other,86,14.8,2,19.9,606.81,0,2025-06-03
1483,39,Male,54,9.4,1,17.65,86.92,0,2025-10-18
1484,67,Male,85,11.1,5,161.92,6363.2,0,2025-04-19
1485,68,Male,109,10.1,5,19.03,81.96,1,2025-02-05
1486,58,Female,62,11.5,4,13.05,106.14,1,2025-04-14
1487,38,Female,136,17.7,0,5.0,50.44,0,2025-03-30
1488,30,Female,141,15.0,8,129.74,599.35,0,2025-10-05
1489,66,Female,127,17.6,2,9.31,96.83,1,2025-02-01
1490,32,Female,146,17.4,4,30.44,168.07,1,2025-03-19
1491,35,Male,29,7.9,3,10.17,64.8,1,2025-03-31
1492,30,Male,20,18.5,6,41.2,183.04,1,2024-11-21
1493,24,Female,93,19.9,0,5.0,17.17,0,2025-03-03
1494,47,Male,129,3.9,9,16.91,418.97,1,2025-06-13
1495,37,Male,41,12.4,7,65.94,330.68,0,2024-11-06
1496,25,Male,44,3.5,5,14.22,66.34,1,2024-11-13
1497,44,Male,77,3.9,9,20.15,245.58,0,2025-10-09
1498,51,Male,147,13.6,7,21.33,90.48,0,2025-06-18
1499,39,Female,102,19.4,6,3.98,3.98,1,2025-02-15
1500,72,Other,90,4.9,3,7.85,336.13,0,2025-05-26
1501,32,Female,22,16.4,0,26.43,179.15,0,2025-02-14
1502,48,Female,25,19.5,8,14.25,78.27,0,2025-03-10
1503,69,Male,140,16.0,6,5.57,25.81,1,2025-04-15
1504,71,Male,86,3.3,8,5.0,19.76,0,2025-03-05
1505,46,Female,47,17.6,4,15.36,133.36,1,2025-06-05
1506,23,Male,96,11.9,6,52.94,375.2,0,2025-06-10
1507,71,Female,75,5.4,7,17.81,137.56,0,2025-07-31
1508,70,Male,41,13.6,4,5.0,34.09,0,2025-02-05
1509,65,Male,103,17.4,4,5.0,26.54,0,2025-02-11
1510,69,Male,83,18.8,2,20.65,115.83,1,2025-08-27
1511,38,Female,138,13.6,3,6.86,80.48,1,2025-09-17
1512,64,Female,31,13.8,1,9.97,47.21,0,2025-03-29
1513,47,Female,51,14.3,1,5.0,12.09,1,2025-07-18
1514,73,Female,132,12.6,8,10.88,86.83,0,2024-12-27
1515,62,Female,126,5.4,7,50.83,218.98,1,2025-04-07
1516,64,Female,23,8.3,1,27.43,730.44,0,2025-06-14
1517,53,Male,140,19.4,7,330.57,2001.61,0,2025-08-02
1518,22,Female,132,12.6,1,5.0,36.66,1,2025-02-16
1519,57,Male,109,14.4,2,61.34,534.88,0,2024-11-30
1520,38,Female,123,17.6,2,5.18,210.0,0,2025-03-21
1521,39,Female,87,3.2,8,5.0,13.38,1,2025-09-08
1522,26,Female,38,19.0,5,66.3,357.28,1,2025-02-03
1523,36,Female,69,18.5,7,36.53,1338.07,0,2025-04-19
1524,65,Male,93,4.9,2,98.53,1048.17,0,2025-08-21
1525,32,Male,41,10.4,2,14.0,59.9,0,2024-10-26
1526,73,Female,54,19.0,5,5.0,29.02,0,2025-09-07
1527,26,Male,60,3.8,8,6.72,50.85,1,2025-04-12
1528,37,Female,116,19.0,5,5.0,51.26,1,2025-07-07
1529,38,Male,94,11.2,6,5.0,43.31,0,2024-12-31
1530,50,Female,84,8.1,9,15.07,66.82,1,2025-10-05
1531,74,Female,120,3.7,7,6.47,42.64,0,2025-07-11
1532,42,Male,48,14.0,9,5.0,80.64,0,2025-02-17
1533,34,Male,90,9.9,4,5.0,30.09,1,2025-10-14
1534,49,Male,145,10.2,8,35.02,150.94,1,2025-05-27
1535,23,Male,43,19.1,1,13.12,490.35,0,2025-05-05
1536,59,Male,89,3.9,6,927.18,3909.93,0,2025-05-26
1537,65,Male,83,13.5,5,8.99,70.02,0,2025-02-20
1538,70,Female,71,5.0,9,7.66,61.91,1,2025-02-05
1539,49,Male,68,3.4,7,18.24,102.7,1,2025-02-13
1540,59,Male,106,9.7,4,203.8,2331.33,0,2025-03-07
1541,64,Male,112,16.0,7,23.96,145.17,0,2025-01-21
1542,68,Female,88,19.0,3,16.14,117.25,0,2025-02-27
1543,37,Female,28,12.8,7,7.35,55.61,1,2024-12-24
1544,36,Female,131,18.9,6,5.0,34.11,1,2025-01-16
1545,68,Female,39,7.1,7,2.22,2.22,1,2025-09-14
1546,60,Male,103,13.6,5,347.32,4862.94,0,2024-11-15
1547,73,Female,70,18.7,0,5.0,20.88,1,2025-06-27
1548,71,Male,141,16.9,5,9.81,90.13,0,2025-09-25
1549,24,Male,72,19.2,9,5.0,47.54,0,2025-03-15
1550,21,Female,141,10.1,7,5.0,23.52,0,2024-11-20
1551,34,Female,109,19.1,1,17.11,195.5,0,2025-10-16
1552,43,Female,102,9.9,0,12.95,64.53,0,2025-10-18
1553,20,Male,139,16.2,1,18.46,230.75,0,2025-07-01
1554,62,Female,95,19.6,7,44.42,210.82,0,2025-01-31
1555,60,Female,101,7.3,2,12.5,88.99,0,2024-10-21
1556,30,Male,74,14.1,3,198.33,1060.21,0,2025-06-13
1557,44,Male,93,4.2,6,5.0,23.16,1,2025-08-16
1558,31,Male,127,6.5,9,28.91,492.21,1,2025-07-17
1559,52,Female,109,15.0,7,8.11,118.12,1,2025-03-01
1560,57,Female,81,5.9,7,12.2,49.49,0,2025-04-19
1561,68,Male,52,5.9,2,27.23,119.86,1,2025-06-25
1562,68,Female,133,6.3,7,68.25,1152.17,0,2024-12-21
1563,52,Male,32,18.9,5,655.95,5987.92,0,2025-08-24
1564,33,Female,74,10.7,6,18.16,129.85,0,2025-10-05
1565,62,Male,110,6.3,7,97.41,619.29,1,2025-04-10
1566,18,Female,146,15.6,8,9.83,135.9,0,2025-08-08
1567,48,Male,57,18.9,7,61.22,299.29,0,2025-05-13
1568,26,Male,43,16.5,1,5.0,21.57,1,2025-05-16
1569,34,Other,84,8.2,0,152.64,3168.18,1,2024-11-14
1570,69,Male,29,8.6,9,10.27,44.17,1,2024-12-01
1571,56,Female,44,3.3,7,149.47,1726.64,1,2024-10-23
1572,49,Female,107,16.8,7,30.8,190.98,0,2025-08-12
1573,68,Male,43,4.2,6,10.12,172.95,0,2024-11-16
1574,68,Male,39,15.1,0,47.7,578.89,0,2024-12-10
1575,60,Male,60,18.5,5,16.99,123.54,0,2025-10-04
1576,49,Female,58,10.6,6,5.0,14.14,0,2025-04-10
1577,22,Female,137,17.7,2,232.7,2613.31,0,2025-05-11
1578,50,Male,82,18.8,3,136.13,1988.41,1,2024-12-19
1579,73,Female,21,6.9,9,5.7,88.06,1,2025-09-27
1580,42,Female,139,15.6,3,49.54,205.11,1,2025-06-23
1581,29,Female,128,9.6,6,95.64,3909.58,1,2025-05-09
1582,55,Female,105,6.7,3,81.88,783.52,1,2025-01-02
1583,46,Male,142,7.0,5,15.87,670.81,1,2025-01-09
1584,25,Female,38,5.6,2,5.0,20.21,0,2025-09-22
1585,61,Female,103,15.1,3,41.42,1014.27,0,2025-06-04
1586,49,Female,133,16.0,1,5.0,13.71,0,2025-07-24
1587,57,Female,28,3.7,5,22.95,509.86,0,2025-05-11
1588,22,Female,83,11.8,1,86.48,1087.79,1,2025-09-02
1589,47,Male,135,19.6,0,5.07,136.14,0,2025-02-05
1590,40,Female,77,11.6,3,127.67,537.02,0,2025-02-08
1591,56,Female,62,19.9,1,7.24,103.31,1,2025-02-03
1592,22,Female,147,7.6,7,117.4,492.31,1,2024-11-14
1593,46,Male,65,8.4,8,10.0,110.45,1,2025-05-09
1594,37,Female,59,17.1,9,21.79,103.1,0,2024-11-26
1595,63,Male,125,13.4,8,91.29,386.37,0,2025-03-25
1596,66,Female,113,4.9,4,40.39,317.0,1,2025-04-28
1597,44,Male,27,10.3,7,20.01,113.3,0,2025-04-01
1598,57,Female,102,16.4,1,5.31,67.4,0,2025-01-02
1599,65,Female,77,7.0,4,5.28,104.06,0,2025-04-26
1600,55,Female,105,15.6,2,5.0,14.69,1,2025-03-04
1601,18,Male,112,19.0,4,13.79,222.34,0,2025-05-04
1602,55,Male,34,6.2,5,23.85,119.63,1,2025-03-24
1603,26,Female,60,7.1,8,86.68,1142.42,0,2025-04-28
1604,35,Female,76,7.4,3,23.81,133.87,1,2025-01-25
1605,45,Female,39,14.3,8,5.0,20.27,1,2024-12-15
1606,68,Female,90,5.7,4,51.71,364.01,1,2025-07-23
1607,73,Female,66,19.4,2,45.79,231.5,0,2025-08-28
1608,63,Female,34,8.0,9,19.36,213.39,0,2025-04-18
1609,64,Other,104,15.4,4,9.93,54.48,1,2025-10-08
1610,28,Other,112,9.6,4,15.34,86.48,0,2025-08-13
1611,39,Male,39,17.8,6,7.75,38.91,0,2025-04-13
1612,33,Male,24,19.0,3,66.46,320.4,0,2025-05-03
1613,29,Male,69,18.2,2,8.66,90.34,0,2025-03-14
1614,61,Male,60,11.1,6,93.93,420.33,0,2025-05-09
1615,24,Female,81,12.2,5,67.97,518.25,1,2025-06-28
1616,39,Female,59,11.2,4,197.45,877.58,1,2025-01-22
1617,23,Female,128,12.5,8,7.66,75.61,0,2025-07-05
1618,54,Female,82,3.3,6,5.0,30.61,1,2024-12-29
1619,72,Female,24,5.2,4,25.95,490.76,1,2025-10-18
1620,54,Male,106,7.4,1,70.09,359.12,0,2024-11-08
1621,68,Male,84,5.8,8,5.0,63.8,1,2025-02-14
1622,46,Male,134,17.2,5,17.86,168.03,0,2025-09-22
1623,49,Male,65,11.6,8,8.14,185.4,0,2024-10-30
1624,28,Female,50,11.8,6,5.0,25.69,0,2024-10-27
1625,62,Male,37,5.7,2,8.09,88.56,0,2024-11-12
1626,22,Female,55,9.6,3,16.09,75.78,0,2024-11-19
1627,74,Female,121,14.2,0,174.23,1706.94,0,2025-01-13
1628,69,Male,21,7.4,2,13.52,67.4,0,2025-09-02
1629,34,Female,94,9.3,9,6.5,107.68,1,2025-07-07
1630,20,Female,77,17.9,7,12.07,84.99,1,2025-02-28
1631,44,Male,149,4.3,9,22.3,488.31,0,2024-12-22
1632,31,Female,70,4.8,2,12.92,325.19,1,2025-09-29
1633,22,Male,120,11.5,9,5.43,42.8,0,2025-06-28
1634,68,Male,123,16.2,4,139.86,867.93,0,2025-01-26
1635,21,Male,46,4.6,3,6.42,27.91,0,2025-02-19
1636,50,Male,68,10.4,3,222.21,1682.4,0,2025-09-14
1637,70,Male,120,9.0,1,5.28,210.73,0,2025-01-27
1638,37,Female,116,4.4,1,40.32,276.22,1,2025-05-12
1639,57,Male,54,7.0,7,64.85,539.3,1,2025-06-10
1640,36,Female,109,16.1,6,45.98,202.8,0,2025-09-19
1641,32,Female,69,8.1,6,15.75,398.66,1,2025-08-12
1642,57,Male,69,3.7,3,12.38,57.88,0,2025-09-27
1643,37,Male,133,13.4,5,5.31,25.41,0,2025-04-22
1644,36,Female,59,6.7,8,59.3,313.05,1,2025-07-23
1645,49,Female,80,13.2,6,246.56,1011.29,0,2025-06-18
1646,49,Male,123,10.4,1,197.67,1760.24,1,2025-04-13
1647,21,Female,21,9.9,6,5.0,35.13,1,2025-05-11
1648,44,Female,147,4.9,7,67.15,337.15,0,2025-02-26
1649,27,Female,41,4.5,5,34.47,590.38,0,2025-08-13
1650,53,Male,108,9.4,5,120.5,576.65,1,2025-04-14
1651,21,Male,113,10.5,1,59.48,672.06,1,2025-10-05
1652,69,Female,33,5.4,6,5.87,124.54,1,2025-05-20
1653,24,Female,21,17.3,7,74.28,484.51,0,2024-10-25
1654,54,Female,129,9.6,6,399.27,1865.07,1,2025-07-24
1655,22,Male,44,8.7,8,7.21,30.68,0,2025-07-22
1656,65,Female,56,3.7,7,5.0,13.99,0,2025-09-27
1657,43,Female,129,10.2,5,10.55,134.53,1,2025-03-02
1658,66,Male,75,3.4,9,29.31,206.66,1,2025-09-13
1659,53,Female,27,4.8,7,161.51,1039.31,0,2025-04-15
1660,71,Male,44,4.9,8,47.21,247.69,1,2025-08-18
1661,37,Female,29,18.9,0,5.0,13.22,0,2025-05-08
1662,35,Female,53,3.8,4,8.05,64.39,1,2025-04-30
1663,30,Female,120,8.0,3,5.0,18.13,1,2025-09-23
1664,58,Male,32,4.5,9,11.66,50.04,0,2025-05-25
1665,27,Male,56,18.0,0,26.18,130.05,0,2025-09-24
1666,27,Male,45,7.5,6,5.0,7.67,1,2024-12-08
1667,39,Male,122,6.0,9,81.72,375.03,1,2025-07-10
1668,31,Male,71,19.7,8,290.62,1424.17,1,2025-04-20
1669,45,Female,121,6.3,0,23.27,391.8,1,2025-04-07
1670,50,Male,114,16.9,2,5.0,19.01,1,2025-01-12
1671,21,Female,30,10.4,3,10.37,82.37,0,2024-11-14
1672,59,Male,63,17.7,5,7.11,52.88,1,2025-05-04
1673,45,Female,144,15.1,1,5.0,15.3,1,2025-07-15
1674,51,Female,134,12.1,1,9.32,67.93,0,2024-11-06
1675,41,Male,141,4.0,2,7.58,62.82,0,2025-06-09
1676,65,Male,88,4.7,6,118.87,549.93,0,2025-02-25
1677,29,Female,75,15.9,3,22.47,218.36,0,2025-08-31
1678,29,Male,21,14.6,7,294.57,1410.21,0,2025-02-20
1679,39,Other,72,16.4,1,5.0,25.39,0,2025-06-08
1680,39,Male,107,7.8,4,40.9,496.08,0,2024-10-25
1681,27,Female,150,15.6,4,478.58,2037.85,1,2025-01-27
1682,65,Male,33,11.5,4,12.36,52.63,1,2024-11-15
1683,51,Male,140,10.0,9,43.98,773.48,0,2025-04-11
1684,24,Male,137,4.5,4,110.87,536.03,1,2025-07-09
1685,56,Male,128,11.5,6,75.89,968.75,1,2025-08-29
1686,60,Female,143,14.1,6,6.09,45.97,1,2024-11-09
1687,60,Female,61,16.3,1,23.87,135.55,0,2025-01-21
1688,43,Female,141,12.7,8,22.31,234.72,0,2025-10-03
1689,60,Female,41,6.4,4,2495.38,10328.75,0,2024-11-30
1690,21,Male,48,10.2,7,10.08,43.11,1,2025-08-03
1691,57,Male,128,15.3,0,8.18,63.16,0,2025-05-01
1692,38,Female,31,4.4,4,5.0,41.79,1,2025-01-13
1693,34,Female,93,11.0,4,5.0,8.03,1,2025-02-05
1694,32,Other,82,16.8,0,5.0,28.14,1,2025-10-06
1695,37,Female,136,7.5,0,5.0,24.56,1,2025-10-10
1696,23,Male,48,17.2,9,15.29,325.85,1,2024-11-08
1697,48,Female,86,10.0,8,28.87,198.68,1,2025-02-08
1698,38,Male,54,7.9,0,5.0,37.25,1,2025-02-24
1699,48,Male,21,16.3,6,5.0,34.94,1,2025-01-05
1700,18,Female,53,14.2,1,5.0,44.52,0,2025-09-29
1701,65,Female,144,19.2,2,20.58,113.06,1,2025-08-28
1702,19,Female,111,8.2,6,27.07,246.94,1,2025-07-06
1703,22,Female,51,4.8,1,5.0,41.41,0,2025-09-17
1704,65,Female,81,7.3,1,5.0,23.03,1,2024-12-25
1705,68,Female,87,17.5,0,17.81,74.68,0,2024-12-10
1706,22,Male,90,18.4,2,5.0,142.05,1,2025-07-17
1707,62,Female,26,10.4,7,6.94,181.2,1,2024-10-28
1708,43,Male,115,18.5,3,5.0,157.17,0,2024-12-13
1709,46,Male,104,6.1,0,18.8,110.46,0,2025-09-14
1710,67,Male,52,9.0,5,49.44,273.65,0,2025-07-07
1711,35,Female,133,3.7,6,11.23,245.85,0,2025-03-01
1712,57,Male,86,9.0,1,5.0,5.39,0,2025-03-15
1713,51,Female,146,18.6,1,40.83,190.9,1,2025-06-11
1714,49,Male,77,17.0,3,105.59,656.39,1,2025-05-03
1715,66,Male,92,10.7,4,90.19,363.11,0,2025-03-20
1716,48,Male,109,19.7,2,9.64,77.01,0,2025-02-19
1717,45,Male,66,13.8,7,186.28,1062.48,1,2024-11-15
1718,51,Female,44,6.1,0,30.49,329.78,0,2025-08-13
1719,58,Female,96,10.6,7,94.82,632.46,0,2025-04-21
1720,72,Male,36,4.6,1,10.59,73.09,0,2024-11-06
1721,38,Male,74,9.9,9,19.44,169.4,1,2024-10-22
1722,47,Female,36,7.3,1,5.0,77.72,0,2025-10-06
1723,42,Female,119,11.5,6,10.27,224.65,1,2024-12-19
1724,45,Male,41,3.3,2,36.42,197.87,1,2025-04-11
1725,30,Female,97,13.7,9,5.0,45.13,1,2025-09-30
1726,54,Male,35,13.8,0,794.99,4638.33,0,2024-12-15
1727,66,Female,55,10.7,5,6.72,52.01,0,2025-03-05
1728,29,Male,63,16.7,7,5.0,44.34,0,2025-05-15
1729,73,Male,82,19.1,9,5.0,30.68,1,2025-06-27
1730,29,Male,57,13.0,6,5.73,216.98,0,2024-11-07
1731,25,Female,78,10.3,4,25.73,148.4,0,2025-08-08
1732,57,Female,30,11.0,3,7.81,103.23,1,2024-10-19
1733,35,Female,109,12.0,8,28.31,132.26,0,2024-12-21
1734,23,Other,39,15.8,7,5.68,52.6,0,2025-01-04
1735,26,Male,38,9.2,0,35.81,357.8,1,2025-02-14
1736,74,Female,25,17.1,2,12.31,141.7,0,2025-03-25
1737,52,Male,50,13.0,9,8.14,191.53,1,2024-12-13
1738,34,Male,119,17.1,8,39.25,193.07,0,2025-03-12
1739,34,Male,128,3.5,4,5.0,87.79,1,2025-02-28
1740,57,Female,61,10.6,8,8.77,96.14,0,2025-01-06
1741,49,Male,122,9.3,8,171.96,1996.24,0,2025-09-02
1742,27,Female,50,12.9,4,7.1,120.84,0,2025-04-05
1743,24,Male,72,18.5,2,20.06,102.41,1,2025-02-21
1744,29,Female,104,17.3,5,40.07,1203.06,1,2024-11-17
1745,45,Female,22,6.6,2,311.43,1751.22,0,2025-04-10
1746,71,Male,121,11.0,6,38.37,223.85,1,2025-08-15
1747,40,Male,67,17.7,9,839.46,3614.36,1,2024-12-26
1748,27,Female,33,12.7,4,5.0,21.14,1,2025-02-21
1749,38,Male,74,10.3,8,29.77,541.17,0,2025-04-06
1750,18,Female,55,19.6,6,16.92,370.27,1,2025-07-16
1751,65,Female,137,11.3,0,5.0,18.54,0,2025-01-24
1752,52,Male,63,9.2,9,8.87,343.9,0,2024-11-17
1753,47,Male,126,19.2,3,33.66,202.23,0,2025-03-20
1754,47,Female,22,9.6,3,9.49,80.91,0,2024-11-19
1755,57,Male,98,13.3,8,5.0,28.35,1,2025-08-10
1756,32,Female,35,4.5,4,22.02,127.22,1,2025-01-27
1757,53,Male,67,3.5,8,47.64,261.31,0,2024-11-10
1758,21,Female,95,16.1,6,10.0,95.59,1,2025-07-02
1759,26,Female,61,3.5,5,23.95,332.88,0,2025-05-30
1760,60,Male,71,10.5,0,13.92,90.52,1,2025-01-22
1761,24,Male,33,10.1,4,42.69,291.89,0,2025-03-30
1762,69,Female,21,4.8,5,5.0,35.58,0,2025-01-05
1763,21,Male,56,5.4,4,5.0,24.14,0,2025-07-03
1764,27,Male,140,9.8,5,9.9,395.48,0,2025-04-22
1765,48,Female,143,13.0,8,28.63,153.85,0,2025-10-09
1766,25,Male,61,10.7,4,5.0,5.13,0,2025-07-18
1767,50,Female,131,15.9,3,214.58,945.95,0,2025-01-23
1768,59,Male,86,9.3,3,6.32,26.75,0,2025-08-25
1769,32,Male,129,4.3,4,5.0,7.43,0,2025-04-12
1770,43,Female,126,11.5,4,11.16,146.35,0,2025-08-15
1771,55,Female,41,3.3,0,77.04,988.69,1,2025-01-30
1772,18,Male,114,5.2,8,95.01,525.21,0,2025-03-23
1773,31,Male,26,5.1,1,5.0,32.12,1,2025-08-17
1774,47,Female,77,4.4,7,6.08,113.18,0,2025-09-20
1775,43,Female,80,9.3,3,982.61,5628.02,0,2025-08-30
1776,58,Male,74,3.3,0,44.03,330.79,0,2025-04-24
1777,28,Female,46,15.1,7,5.0,39.34,0,2025-07-10
1778,56,Female,44,18.6,2,11.31,110.1,0,2025-03-12
1779,60,Female,81,10.3,1,5.0,48.47,0,2025-10-11
1780,62,Female,84,6.3,2,2.62,2.62,0,2025-09-04
1781,18,Female,134,15.3,9,5.0,16.97,1,2025-03-19
1782,22,Male,92,6.1,2,87.88,589.89,0,2024-12-18
1783,38,Female,45,12.0,3,5.0,117.94,1,2025-01-13
1784,73,Female,54,4.7,4,250.41,1146.98,0,2025-04-28
1785,27,Female,56,10.7,7,6.55,65.43,0,2025-03-14
1786,55,Male,56,18.9,1,18.86,512.16,0,2024-11-06
1787,49,Male,26,5.3,3,21.55,97.95,0,2025-09-26
1788,56,Female,69,18.8,2,72.67,768.1,1,2025-06-13
1789,28,Female,110,16.5,0,90.15,426.69,0,2025-03-03
1790,23,Female,35,10.7,7,5.0,19.87,0,2025-05-04
1791,45,Female,65,11.6,4,2.04,2.04,0,2025-05-27
1792,64,Male,120,17.7,5,5.0,38.83,0,2024-11-09
1793,20,Male,44,19.4,7,5.0,14.35,0,2025-06-26
1794,72,Female,145,17.6,0,457.39,5721.37,1,2024-10-21
1795,27,Female,44,10.1,2,71.89,441.89,1,2025-01-26
1796,35,Male,112,7.0,2,34.76,140.58,0,2024-11-13
1797,38,Male,98,7.8,7,56.54,332.81,0,2024-12-19
1798,73,Female,103,19.0,2,54.5,318.36,0,2024-12-31
1799,43,Female,85,11.3,0,8.5,115.59,1,2025-02-15
1800,72,Male,140,10.5,9,6.62,63.41,0,2024-11-18
1801,30,Female,74,5.7,8,5.0,28.29,1,2025-09-10
1802,45,Male,41,8.6,7,41.92,653.54,0,2024-11-23
1803,21,Male,77,9.1,4,5.0,22.41,1,2025-09-24
1804,27,Female,136,5.3,7,18.16,79.21,0,2025-03-14
1805,61,Female,63,5.9,8,162.92,840.86,1,2025-08-18
1806,73,Female,103,6.1,9,901.92,6412.57,0,2025-03-01
1807,29,Male,142,11.7,6,115.27,552.55,0,2025-06-19
1808,69,Female,25,11.0,9,10.99,59.99,0,2024-11-02
1809,74,Other,108,18.7,8,5.0,56.3,0,2024-12-03
1810,58,Female,137,10.8,0,5.0,28.12,1,2024-12-19
1811,55,Female,89,14.2,6,30.58,265.34,0,2025-07-18
1812,74,Female,87,19.1,2,359.89,1803.22,0,2025-06-05
1813,56,Female,70,5.3,8,63.86,387.31,1,2024-11-16
1814,47,Female,92,18.8,2,25.87,107.89,1,2025-10-12
1815,35,Male,52,15.1,5,5.0,78.22,0,2024-10-28
1816,51,Male,124,9.9,4,10.24,84.47,0,2025-09-01
1817,32,Female,27,8.1,1,20.33,168.9,1,2024-12-21
1818,43,Female,93,8.9,3,87.05,1145.62,1,2025-05-22
1819,31,Female,123,9.0,6,5.0,40.95,1,2025-04-19
1820,73,Female,46,10.7,8,5.0,87.76,0,2025-02-02
1821,59,Female,55,8.9,2,250.92,1768.83,1,2025-09-19
1822,69,Male,60,15.5,7,45.37,824.38,0,2025-07-17
1823,71,Female,118,4.1,5,59.67,457.97,0,2025-06-01
1824,30,Male,77,5.1,7,7.23,33.61,0,2025-05-11
1825,43,Male,136,12.5,0,5.0,9.98,0,2025-07-14
1826,34,Male,103,17.1,9,46.19,213.22,0,2025-07-28
1827,42,Female,83,4.0,6,5.26,22.11,1,2025-01-15
1828,34,Female,144,8.3,5,54.47,219.5,1,2024-12-27
1829,31,Male,136,7.7,7,29.37,136.88,0,2025-06-25
1830,74,Male,107,3.1,3,28.53,120.8,1,2025-06-14
1831,42,Male,102,3.7,0,49.37,267.93,1,2025-05-27
1832,20,Female,114,7.0,6,10.12,41.52,0,2025-06-30
1833,48,Male,134,16.7,4,8.62,36.96,1,2025-06-14
1834,62,Male,100,7.8,0,10.98,135.68,1,2024-11-04
1835,49,Male,119,17.8,2,5.0,32.79,0,2025-06-19
1836,41,Male,130,14.0,3,153.45,621.77,0,2025-02-12
1837,52,Female,58,17.4,4,102.2,459.89,1,2025-06-20
1838,31,Male,104,6.4,0,156.62,943.05,0,2025-09-08
1839,58,Female,27,18.0,7,51.71,510.96,1,2024-11-19
1840,48,Female,27,5.9,9,6.49,40.51,0,2024-12-30
1841,33,Female,55,10.4,8,42.06,168.7,0,2025-03-26
1842,37,Female,89,16.6,2,20.48,446.72,0,2025-05-07
1843,46,Male,66,4.9,7,5.0,19.88,1,2025-03-12
1844,69,Female,84,17.1,6,29.16,162.84,1,2025-09-24
1845,49,Male,138,14.7,2,30.49,343.09,0,2025-06-27
1846,22,Other,125,16.2,2,10.59,159.67,0,2025-08-21
1847,30,Male,132,9.5,8,5.0,45.03,1,2025-09-12
1848,51,Female,90,4.8,1,5.0,40.76,1,2025-10-06
1849,59,Male,148,15.5,8,5.0,54.34,1,2025-04-24
1850,55,Male,28,4.7,5,6.14,141.0,0,2025-06-22
1851,55,Other,88,9.9,7,5.0,100.06,0,2025-02-03
1852,66,Female,131,7.2,0,5.0,22.26,1,2025-06-13
1853,35,Male,41,12.9,3,13.83,91.63,1,2025-03-11
1854,40,Male,31,6.0,2,5.0,7.95,0,2025-04-23
1855,25,Male,77,7.4,4,96.61,491.61,0,2025-06-27
1856,39,Male,106,19.0,1,517.68,2377.88,0,2025-05-20
1857,63,Female,112,5.3,9,5.8,217.36,1,2025-04-03
1858,62,Female,64,15.9,1,29.43,166.36,1,2025-03-27
1859,30,Male,95,15.3,2,221.43,1803.7,1,2025-08-10
1860,62,Female,101,15.3,5,152.49,5721.65,0,2025-07-29
1861,60,Male,129,6.1,5,27.59,209.82,0,2025-06-11
1862,29,Female,137,3.5,1,356.58,1774.72,0,2025-02-17
1863,60,Female,149,14.1,8,13.81,120.25,0,2024-11-05
1864,44,Female,116,15.5,7,5.0,22.67,1,2025-07-26
1865,24,Female,96,13.1,6,5.0,38.76,0,2025-04-20
1866,59,Male,124,4.5,1,13.3,88.19,0,2025-04-10
1867,39,Male,34,11.8,0,30.2,189.66,0,2025-01-20
1868,53,Male,43,14.0,9,5.0,30.85,0,2025-05-19
1869,68,Female,47,16.1,6,5.0,18.23,0,2025-03-13
1870,45,Male,67,10.3,7,5.0,58.7,1,2025-08-15
1871,35,Female,22,8.4,3,66.71,530.61,0,2025-10-14
1872,25,Female,142,15.7,8,6.5,32.56,1,2024-10-22
1873,62,Female,59,19.2,1,60.87,267.58,1,2024-10-21
1874,54,Male,123,15.4,2,135.39,552.88,0,2025-01-15
1875,70,Male,88,8.5,1,6.33,38.35,0,2025-05-30
1876,63,Female,45,14.4,9,46.99,377.8,0,2025-06-12
1877,39,Female,83,4.4,0,57.77,510.18,0,2024-11-03
1878,55,Female,63,7.6,8,1.04,1.04,1,2025-05-11
1879,20,Female,71,8.2,9,10.55,118.23,1,2025-07-29
1880,47,Other,54,4.0,6,19.28,104.58,1,2025-08-05
1881,71,Male,46,11.7,4,5.58,27.53,1,2025-01-28
1882,62,Male,97,8.2,9,82.67,391.63,1,2025-06-30
1883,32,Female,70,17.7,4,8.53,82.77,1,2025-10-05
1884,24,Male,45,4.2,2,6.5,47.55,0,2025-09-06
1885,57,Male,27,13.4,8,5.87,63.51,1,2025-10-11
1886,71,Other,77,11.8,7,3.85,3.85,0,2025-07-06
1887,71,Female,81,9.8,9,75.14,645.0,0,2025-08-19
1888,34,Male,81,7.7,9,5.0,65.02,0,2024-11-05
1889,25,Male,67,12.1,4,42.78,189.96,1,2025-08-22
1890,33,Female,137,4.6,6,5.83,69.16,0,2024-11-06
1891,50,Female,121,5.8,1,48.86,280.76,0,2025-09-24
1892,39,Female,142,14.3,5,62.53,295.37,1,2024-12-28
1893,69,Female,121,4.7,2,11.06,74.52,0,2025-02-03
1894,25,Female,123,8.4,5,49.3,384.42,0,2025-03-30
1895,50,Female,144,5.3,4,26.18,157.64,0,2025-06-18
1896,48,Male,52,3.3,5,8.71,42.95,0,2025-03-28
1897,50,Female,111,8.4,9,5.0,10.98,1,2025-08-13
1898,50,Female,93,14.8,4,15.38,300.68,1,2025-05-11
1899,53,Female,142,5.4,2,6.03,49.73,0,2024-11-01
1900,58,Female,44,3.9,0,29.95,158.5,0,2025-06-13
1901,65,Male,62,7.2,7,17.9,124.0,1,2025-02-08
1902,56,Male,24,8.0,3,5.0,36.85,1,2025-05-17
1903,69,Male,111,4.2,9,9.09,56.58,0,2025-07-12
1904,19,Male,44,19.3,4,33.95,484.13,0,2025-08-07
1905,47,Female,94,3.3,1,167.68,1105.09,0,2025-07-08
1906,45,Female,118,12.9,6,56.82,267.8,0,2025-03-31
1907,70,Male,27,13.5,2,51.06,319.97,0,2024-11-16
1908,58,Female,100,19.6,5,329.11,2472.97,0,2025-07-07
1909,21,Male,149,18.7,9,17.17,90.05,0,2025-10-12
1910,74,Female,125,9.8,9,17.25,653.97,1,2025-08-08
1911,48,Male,67,10.8,0,5.0,13.02,0,2025-03-07
1912,24,Female,63,17.7,1,5.0,24.6,0,2025-03-17
1913,23,Female,49,10.6,1,9.28,82.07,0,2025-01-11
1914,19,Female,131,6.4,3,13.25,180.44,0,2025-02-19
1915,61,Female,62,3.4,3,5.0,130.63,1,2025-06-03
1916,63,Female,149,11.8,5,21.32,142.04,1,2025-09-16
1917,22,Female,21,11.7,3,172.29,1468.83,1,2024-12-09
1918,62,Female,38,13.3,1,5.0,13.01,0,2024-11-17
1919,18,Female,85,8.0,0,5.0,13.6,0,2025-09-28
1920,49,Female,61,6.0,0,58.56,242.06,1,2025-10-13
1921,33,Female,63,18.6,3,5.0,25.36,0,2025-04-04
1922,41,Male,75,9.9,3,28.21,113.88,0,2024-11-09
1923,56,Female,93,5.4,0,47.4,297.08,0,2024-12-12
1924,50,Male,85,9.2,4,43.72,212.86,1,2025-09-06
1925,67,Male,128,7.1,2,33.77,446.51,0,2025-04-18
1926,48,Male,114,9.1,5,5.0,14.53,0,2025-05-01
1927,25,Female,57,16.1,1,37.21,210.59,0,2025-03-11
1928,60,Other,76,17.7,5,12.16,58.55,1,2025-02-01
1929,69,Male,148,3.7,5,50.5,355.63,0,2025-06-14
1930,56,Male,108,13.9,3,161.38,686.2,0,2025-01-10
1931,20,Male,113,13.9,4,14.4,103.99,1,2025-08-29
1932,44,Female,29,10.5,7,6.67,45.15,0,2025-06-27
1933,19,Male,20,14.6,0,6.0,86.11,0,2025-05-26
1934,28,Male,52,13.1,0,29.94,136.27,0,2024-11-19
1935,38,Female,86,4.9,0,252.65,1017.71,1,2025-05-02
1936,56,Male,45,5.4,6,5.0,40.01,1,2025-02-20
1937,49,Male,59,14.3,7,11.51,51.47,0,2025-01-16
1938,35,Female,125,7.1,5,5.0,42.33,1,2024-12-28
1939,26,Female,48,12.0,3,63.86,262.84,0,2024-12-29
1940,65,Female,32,15.8,3,128.35,720.73,1,2025-04-07
1941,40,Female,37,8.0,9,17.89,129.2,0,2025-05-17
1942,46,Female,59,4.7,9,26.93,176.78,1,2025-02-13
1943,19,Male,131,17.0,9,11.92,211.13,1,2024-12-03
1944,37,Female,117,16.6,6,126.15,1299.35,1,2025-01-12
1945,24,Male,89,8.8,3,155.87,641.98,1,2025-09-01
1946,31,Female,121,8.7,4,16.62,124.35,0,2025-05-21
1947,61,Male,23,18.4,5,69.94,595.49,0,2024-11-30
1948,46,Male,93,17.9,6,420.46,1924.14,1,2025-08-20
1949,62,Male,133,12.1,4,20.33,219.79,1,2025-03-18
1950,34,Female,42,11.9,5,5.14,61.19,0,2025-04-16
1951,65,Male,41,9.3,8,5.0,61.26,1,2025-01-10
1952,29,Male,20,4.4,9,41.91,440.32,1,2025-03-18
1953,28,Female,120,14.4,7,12.2,71.72,0,2024-11-18
1954,41,Male,79,13.0,4,15.68,122.13,1,2025-05-13
1955,37,Female,37,10.5,4,22.14,350.28,0,2025-03-28
1956,47,Male,122,3.3,1,5.0,229.3,1,2025-05-20
1957,32,Male,63,3.4,4,5.0,38.46,0,2024-11-29
1958,71,Female,28,3.1,5,8.75,62.87,0,2025-05-07
1959,50,Male,138,11.6,0,11.41,309.74,1,2025-04-16
1960,38,Female,92,14.7,1,7.87,39.43,0,2024-11-12
1961,19,Female,136,16.8,8,113.17,1174.46,0,2025-06-23
1962,61,Female,50,12.5,8,13.38,57.04,1,2024-11-30
1963,40,Male,60,17.9,9,7.81,46.48,0,2024-12-28
1964,72,Female,147,19.6,3,5.0,20.3,0,2025-01-16
1965,46,Female,125,12.7,9,6.74,133.38,0,2024-11-25
1966,68,Male,109,8.7,6,5.0,57.43,1,2025-10-08
1967,56,Male,24,15.7,0,17.56,115.36,0,2025-07-06
1968,60,Female,115,11.3,5,5.0,38.83,0,2025-08-21
1969,45,Male,85,19.9,5,27.04,128.21,1,2025-05-15
1970,21,Male,104,7.7,4,5.0,28.49,0,2024-12-12
1971,70,Female,71,7.6,4,5.54,123.64,1,2024-11-16
1972,20,Female,32,16.1,0,38.98,243.2,1,2025-02-03
1973,55,Female,27,9.5,6,13.94,126.68,1,2025-10-13
1974,74,Male,107,4.0,8,40.06,171.26,1,2025-05-26
1975,56,Male,42,9.7,1,7.12,52.54,1,2025-10-18
1976,30,Female,88,13.9,9,117.35,658.61,0,2025-01-19
1977,29,Male,72,8.1,2,85.53,571.65,1,2025-03-31
1978,38,Female,104,11.0,9,5.0,18.78,1,2025-02-18
1979,56,Male,96,3.8,9,126.23,546.39,0,2025-09-08
1980,29,Female,86,10.3,5,20.17,222.13,1,2024-12-16
1981,22,Male,74,12.8,6,82.44,716.73,1,2025-06-05
1982,54,Female,21,7.2,6,18.47,327.63,0,2025-02-03
1983,46,Male,52,12.0,7,22.28,96.55,1,2025-09-03
1984,53,Female,109,18.8,2,2.1,2.1,1,2025-05-15
1985,24,Female,149,7.6,7,5.0,26.21,1,2025-09-22
1986,46,Male,60,4.5,8,21.48,105.95,1,2024-12-05
1987,30,Male,38,9.6,3,8.23,39.23,0,2025-05-03
1988,44,Male,145,13.1,2,7.08,31.57,0,2025-03-01
1989,27,Female,57,19.0,6,15.22,125.89,1,2025-07-24
1990,74,Male,100,7.9,9,243.33,1852.09,1,2025-08-10
1991,46,Female,29,16.9,3,5.0,5.67,0,2024-11-04
1992,45,Male,75,11.8,5,16.09,146.37,0,2025-05-22
1993,67,Other,138,11.8,8,18.39,259.14,1,2025-03-19
1994,21,Male,129,6.5,6,241.45,3008.25,0,2025-07-19
1995,42,Female,108,14.6,7,5.0,75.53,0,2024-10-27
1996,50,Male,140,12.1,3,23.13,112.54,0,2025-06-16
1997,66,Male,115,15.9,4,5.0,23.37,0,2025-04-13
1998,40,Female,70,19.1,2,47.45,466.7,1,2025-03-08
1999,67,Female,102,5.1,0,56.7,373.04,0,2025-02-07
2000,57,Female,115,3.8,7,5.0,15.32,1,2025-08-22
2001,27,Male,52,4.1,1,10.56,173.53,0,2024-12-12
2002,51,Male,139,15.6,2,27.31,391.58,1,2025-05-10
2003,64,Female,31,20.0,2,32.72,182.19,0,2025-06-15
2004,21,Female,57,6.7,6,5.0,29.25,0,2025-09-22
2005,55,Female,67,13.9,8,58.53,235.8,0,2025-08-01
2006,57,Female,21,17.8,4,7.39,54.55,0,2024-11-04
2007,47,Female,63,18.8,5,7.77,148.66,0,2025-07-04
2008,54,Female,111,15.2,8,20.59,84.72,0,2025-06-17
2009,21,Male,89,4.8,7,116.5,921.36,1,2025-05-06
2010,67,Female,133,8.5,8,140.58,779.22,0,2025-09-16
2011,62,Female,59,9.0,2,31.68,370.45,1,2025-06-20
2012,38,Female,88,3.3,9,5.0,21.61,1,2025-03-03
2013,42,Male,22,7.4,9,49.95,614.46,0,2025-06-01
2014,42,Male,140,7.1,0,40.06,290.34,1,2025-02-03
2015,71,Male,89,5.2,2,29.81,402.57,0,2025-07-22
2016,68,Male,149,12.9,7,12.38,88.81,0,2025-01-28
2017,36,Male,138,14.2,9,155.49,1403.98,0,2024-12-05
2018,19,Female,34,16.9,0,10.52,85.69,1,2025-08-20
2019,67,Male,146,15.6,4,5.0,33.08,0,2025-07-06
2020,49,Female,79,11.1,4,17.75,109.37,0,2025-08-05
2021,23,Male,32,7.5,8,10.19,119.47,1,2025-03-17
2022,56,Male,46,8.7,3,74.88,379.69,1,2025-09-24
2023,59,Female,144,16.7,3,5.0,32.45,0,2024-11-16
2024,18,Female,89,3.9,6,5.0,8.79,1,2024-12-30
2025,55,Female,124,8.9,0,45.28,192.03,1,2025-07-29
2026,20,Female,44,11.8,0,11.38,55.01,0,2025-04-06
2027,49,Male,54,15.6,4,5.0,18.92,0,2024-11-06
2028,64,Female,55,19.5,3,358.15,1580.5,1,2024-12-14
2029,24,Male,126,16.7,3,14.06,281.2,0,2025-07-22
2030,69,Female,147,7.3,9,195.95,793.76,0,2025-01-03
2031,32,Other,126,9.4,1,85.34,386.6,1,2025-04-13
2032,48,Female,98,5.6,1,204.29,1365.22,0,2025-07-28
2033,52,Male,69,7.8,5,10.97,165.54,1,2025-05-17
2034,20,Female,122,7.0,3,26.83,185.59,0,2025-03-11
2035,26,Female,71,14.4,6,79.37,383.27,0,2024-12-11
2036,63,Female,95,6.5,6,7.41,31.82,0,2025-04-27
2037,24,Male,87,15.3,5,9.02,37.34,1,2024-12-14
2038,31,Female,20,14.2,5,5.52,49.91,0,2025-06-30
2039,38,Male,132,13.9,3,9.38,73.28,1,2025-05-29
2040,25,Female,122,10.5,8,58.47,722.83,0,2024-11-05
2041,31,Male,134,16.1,8,271.41,1920.34,0,2025-06-30
2042,28,Female,110,12.1,5,44.52,617.27,1,2024-11-15
2043,20,Female,60,7.5,8,15.71,64.14,0,2024-11-26
2044,61,Female,62,4.9,5,71.08,466.12,1,2025-06-22
2045,43,Male,35,3.5,8,5.0,23.95,0,2025-10-01
2046,64,Female,45,10.1,2,6.3,102.3,0,2025-04-05
2047,29,Male,138,13.8,5,85.72,420.54,0,2025-05-24
2048,37,Male,115,9.9,9,58.25,291.77,0,2025-06-02
2049,18,Male,64,16.3,8,5.0,46.47,0,2025-01-31
2050,31,Other,124,11.4,7,5.0,9.52,0,2025-01-30
2051,66,Female,75,15.3,1,51.7,275.47,1,2025-08-29
2052,59,Female,34,18.8,5,38.55,554.9,0,2025-03-28
2053,61,Male,56,16.5,6,12.08,55.02,0,2025-05-03
2054,68,Female,58,4.4,5,9.38,146.96,0,2025-02-14
2055,50,Other,139,18.6,9,5.52,55.78,0,2025-03-11
2056,32,Other,137,12.7,7,5.0,28.24,1,2024-10-23
2057,45,Other,80,19.5,5,40.1,290.45,0,2025-07-10
2058,35,Male,67,19.5,7,37.98,847.99,0,2025-01-08
2059,63,Male,92,7.3,2,14.78,145.73,0,2025-05-13
2060,21,Male,94,6.6,1,35.73,235.38,0,2025-05-15
2061,57,Male,145,11.2,0,54.47,495.21,0,2024-11-18
2062,57,Male,73,8.4,7,5.0,19.7,0,2025-04-14
2063,47,Male,94,10.8,9,34.4,191.87,0,2025-06-18
2064,48,Male,107,4.8,1,7.56,89.87,0,2025-10-02
2065,41,Female,130,7.0,4,7.13,128.86,0,2025-03-08
2066,73,Male,124,14.5,5,23.07,132.19,1,2025-08-24
2067,69,Male,58,10.7,3,20.45,330.28,1,2025-10-12
2068,32,Female,82,4.1,3,5.0,33.31,1,2025-07-01
2069,25,Male,137,11.3,0,55.44,317.1,0,2025-09-29
2070,64,Male,109,15.7,0,6.69,71.91,1,2025-07-27
2071,60,Male,21,3.6,3,9.41,88.62,0,2025-10-07
2072,72,Male,58,12.3,3,5.0,47.7,1,2025-04-06
2073,68,Male,78,10.0,4,42.51,199.87,1,2025-08-05
2074,32,Female,107,9.5,8,37.14,156.87,1,2025-03-26
2075,41,Female,91,19.2,3,5.0,9.24,1,2025-05-11
2076,49,Male,143,14.1,9,11.51,73.5,1,2025-06-14
2077,56,Female,97,16.9,7,5.0,14.54,0,2025-01-28
2078,22,Female,97,8.2,7,11.45,51.5,0,2025-08-01
2079,33,Female,37,3.9,6,5.0,73.79,1,2025-05-07
2080,62,Female,85,6.6,2,79.81,671.03,1,2025-09-08
2081,21,Male,92,15.6,8,96.75,3956.45,0,2025-08-22
2082,52,Male,84,7.4,7,501.74,2874.81,0,2025-02-08
2083,71,Male,138,4.6,6,6.0,122.89,0,2025-10-18
2084,53,Male,130,14.8,8,17.82,71.8,1,2025-03-17
2085,48,Male,60,7.0,7,5.0,11.08,1,2025-05-26
2086,56,Female,30,10.6,3,18.97,167.43,0,2025-05-25
2087,35,Female,135,14.7,3,21.61,95.8,1,2024-12-20
2088,21,Female,139,17.5,6,20.08,402.7,1,2025-05-09
2089,54,Male,141,14.7,5,119.88,1997.3,0,2024-12-04
2090,23,Male,85,12.1,8,8.82,45.72,0,2025-04-22
2091,30,Male,99,17.6,1,42.53,677.34,0,2025-01-21
2092,47,Female,86,10.6,7,15.72,88.84,1,2024-11-25
2093,33,Female,122,16.0,0,7.39,99.63,0,2025-09-29
2094,57,Male,125,14.7,4,54.66,223.16,0,2025-01-03
2095,46,Female,111,14.2,6,5.66,231.26,0,2025-04-16
2096,63,Female,67,15.9,4,25.61,411.74,0,2025-06-19
2097,26,Female,61,8.1,7,5.0,30.06,1,2025-09-26
2098,24,Male,118,7.6,3,5.0,25.49,0,2025-08-20
2099,59,Male,112,9.4,0,95.14,1620.38,0,2025-05-15
2100,46,Male,122,16.5,3,28.53,122.01,0,2024-11-04
2101,60,Female,59,10.6,7,7.64,68.84,0,2025-07-26
2102,65,Female,102,6.2,9,5.0,37.12,0,2025-08-25
2103,29,Male,53,15.4,5,23.57,96.18,0,2025-01-09
2104,49,Male,81,15.4,3,24.69,254.81,0,2025-05-31
2105,18,Male,45,8.1,0,7.18,43.68,0,2025-09-17
2106,26,Male,147,10.5,5,89.7,432.45,0,2025-09-02
2107,27,Female,137,6.9,1,5.0,58.54,1,2025-08-03
2108,43,Female,35,5.6,6,23.26,539.7,1,2024-11-28
2109,59,Female,97,3.2,5,188.41,780.2,1,2025-05-04
2110,23,Female,22,13.9,2,5.83,47.03,0,2025-09-01
2111,29,Female,120,8.3,1,36.45,350.88,1,2025-05-03
2112,28,Male,102,7.2,0,5.0,33.14,1,2024-11-27
2113,73,Male,31,17.5,6,15.41,64.9,0,2025-04-05
2114,73,Male,24,16.5,9,50.22,518.96,1,2025-07-04
2115,46,Female,115,11.0,9,5.0,26.9,1,2025-02-14
2116,47,Male,44,4.7,9,15.78,69.41,0,2025-06-23
2117,25,Female,34,15.5,7,104.75,784.59,0,2025-10-06
2118,46,Female,47,15.8,6,13.58,109.79,0,2025-02-14
2119,52,Female,85,18.6,4,5.0,22.16,0,2025-10-14
2120,37,Male,23,5.5,8,6.44,53.94,0,2025-09-11
2121,42,Female,68,4.7,0,5.0,6.4,1,2024-11-08
2122,58,Female,126,13.0,9,10.86,533.23,0,2025-04-21
2123,37,Male,63,7.6,4,14.58,98.5,1,2025-01-22
2124,73,Male,94,8.7,0,25.68,436.93,1,2024-10-30
2125,29,Female,149,16.4,2,5.0,33.14,0,2025-04-23
2126,31,Male,121,10.6,3,19.27,77.28,0,2024-10-27
2127,45,Female,97,17.2,8,33.81,190.98,0,2024-11-27
2128,49,Male,97,6.8,3,24.23,125.13,0,2025-04-16
2129,34,Female,82,6.0,8,11.74,47.35,0,2025-06-23
2130,61,Female,25,19.0,7,48.04,212.45,0,2025-07-20
2131,44,Female,85,17.2,9,5.0,5.06,0,2025-08-21
2132,22,Female,93,11.0,7,5.0,37.86,1,2024-10-22
2133,48,Female,34,14.7,9,30.06,650.63,0,2025-06-25
2134,44,Male,52,9.6,2,24.49,217.77,1,2025-04-06
2135,43,Male,61,17.5,7,135.47,581.9,0,2025-04-30
2136,38,Male,77,9.5,1,60.42,244.43,1,2025-08-25
2137,37,Female,108,4.9,9,5.0,12.91,1,2025-06-22
2138,70,Male,123,5.6,1,5.0,75.95,1,2025-05-30
2139,46,Male,52,8.6,7,9.48,226.34,1,2024-11-20
2140,61,Male,52,12.1,8,5.0,14.02,1,2024-12-08
2141,38,Male,89,15.0,1,6.97,43.41,1,2025-04-15
2142,46,Male,109,10.1,2,5.0,31.11,0,2025-04-04
2143,38,Female,106,16.1,1,153.61,675.76,0,2025-01-17
2144,50,Female,40,9.8,3,19.02,175.51,0,2024-10-28
2145,45,Male,35,4.6,0,5.0,24.44,0,2025-08-22
2146,36,Female,145,5.1,0,5.5,29.34,1,2025-06-15
2147,70,Male,149,13.0,7,2.9,2.9,1,2025-09-10
2148,54,Male,76,3.1,5,5.31,97.73,0,2025-05-12
2149,46,Male,55,4.5,2,40.17,653.73,0,2025-08-27
2150,66,Female,61,12.0,7,21.35,166.9,0,2025-03-12
2151,43,Male,93,14.1,5,46.79,483.25,1,2025-07-10
2152,67,Other,111,13.1,9,460.62,1888.61,0,2025-10-15
2153,24,Female,138,11.4,4,30.41,297.06,0,2025-07-14
2154,57,Female,89,5.2,1,250.52,1885.34,0,2025-10-08
2155,54,Female,119,18.0,5,16.74,234.52,1,2025-08-01
2156,50,Female,55,8.2,1,5.0,16.32,0,2025-07-21
2157,18,Male,32,9.5,1,6.28,25.38,0,2025-06-09
2158,57,Male,91,9.2,1,77.9,368.05,1,2025-09-29
2159,72,Other,26,18.1,8,5.0,25.84,1,2025-02-03
2160,74,Male,85,18.8,9,20.34,315.98,0,2025-03-25
2161,54,Male,62,16.8,0,5.0,20.68,1,2024-11-17
2162,50,Female,60,11.1,1,5.31,25.8,0,2025-02-19
2163,65,Female,127,4.6,2,4032.56,23819.100000000042,0,2024-12-26
2164,26,Female,73,8.6,5,12.68,54.51,0,2025-01-02
2165,38,Female,110,13.2,4,654.99,2857.91,0,2024-12-14
2166,64,Male,20,11.4,5,35.59,282.83,0,2024-12-28
2167,37,Other,94,16.2,1,63.96,295.1,0,2024-10-27
2168,29,Male,68,3.3,6,5.13,59.81,0,2025-09-03
2169,22,Male,106,13.3,8,5.0,52.11,0,2025-07-17
2170,28,Male,49,7.8,4,9.96,80.3,0,2025-06-29
2171,50,Male,38,18.3,8,133.43,608.3,0,2025-02-09
2172,74,Female,68,7.8,7,280.01,3634.48,1,2025-10-13
2173,27,Female,69,8.9,3,11.11,346.86,0,2025-08-31
2174,68,Male,88,4.5,2,8.57,99.42,1,2025-02-22
2175,21,Female,86,14.9,9,72.62,924.65,0,2024-11-11
2176,70,Female,94,3.9,5,98.79,747.61,0,2025-01-24
2177,40,Female,113,11.3,2,244.24,1108.88,0,2025-07-04
2178,22,Female,40,13.4,4,17.12,94.1,1,2024-12-29
2179,49,Female,79,8.3,5,5.0,20.0,0,2025-06-23
2180,31,Male,149,17.6,5,14.7,122.68,0,2025-09-05
2181,72,Female,108,13.7,8,5.0,82.26,0,2025-02-18
2182,41,Female,99,7.7,6,5.0,7.72,1,2025-09-07
2183,66,Female,21,16.5,7,9.69,284.14,1,2025-07-24
2184,50,Female,45,19.6,8,5.0,41.9,0,2025-08-09
2185,73,Male,58,17.8,2,6.71,39.73,0,2024-11-16
2186,54,Male,65,19.2,3,2.19,2.19,0,2025-05-05
2187,47,Male,57,10.3,7,13.4,222.54,0,2025-05-15
2188,73,Female,66,15.9,4,271.05,1139.7,0,2025-08-12
2189,68,Male,111,7.5,6,109.28,4977.41,1,2025-08-15
2190,51,Female,50,4.8,1,7.62,77.08,0,2025-08-21
2191,57,Female,84,10.0,6,5.0,5.1,1,2025-03-04
2192,47,Female,63,12.3,1,9.39,110.99,0,2024-11-21
2193,24,Male,140,8.5,1,20.11,85.86,0,2025-01-15
2194,59,Male,47,7.8,2,14.52,84.75,1,2024-11-10
2195,70,Male,73,6.0,4,11.84,362.94,1,2025-03-19
2196,45,Male,119,11.6,1,5.0,33.43,1,2025-09-16
2197,24,Female,125,3.1,1,20.08,83.2,1,2025-06-28
2198,23,Male,74,16.0,9,9.75,56.89,1,2025-03-27
2199,58,Male,56,11.8,5,5.0,78.24,0,2025-01-12
2200,41,Female,33,8.6,6,33.62,508.21,0,2025-01-25
2201,27,Male,110,8.9,8,22.56,102.93,0,2025-01-13
2202,27,Male,87,11.1,9,9.71,88.89,0,2025-03-04
2203,48,Male,50,18.1,2,5.54,27.05,0,2025-09-12
2204,74,Male,51,15.2,0,26.84,139.95,0,2025-10-12
2205,30,Male,43,8.7,8,29.11,148.89,0,2025-07-12
2206,55,Female,88,6.8,2,5.92,24.32,1,2024-11-02
2207,66,Female,44,6.2,1,5.0,15.49,0,2025-04-01
2208,71,Other,115,13.2,8,5.24,61.02,0,2024-12-07
2209,42,Male,88,13.4,1,18.95,80.73,0,2025-01-16
2210,18,Male,134,10.4,8,5.0,41.94,0,2025-04-12
2211,65,Female,28,17.0,4,13.18,126.36,0,2025-04-07
2212,73,Female,68,5.8,3,6.65,30.96,0,2025-04-15
2213,24,Female,76,7.9,1,34.15,190.73,1,2025-08-22
2214,56,Female,110,17.5,9,27.58,133.01,0,2024-10-30
2215,56,Male,148,10.3,3,81.7,354.54,0,2025-03-24
2216,72,Female,82,13.9,9,29.88,336.09,0,2025-02-05
2217,33,Male,22,17.0,3,38.56,194.62,0,2025-01-02
2218,59,Male,135,8.7,7,5.0,85.93,0,2024-10-30
2219,41,Male,135,14.3,2,183.04,907.6,1,2025-04-23
2220,24,Female,91,7.5,9,8.63,49.39,1,2025-10-12
2221,41,Male,92,12.2,9,69.76,1063.5,0,2024-11-11
2222,26,Male,141,11.6,9,37.75,423.08,0,2025-06-19
2223,46,Female,22,12.0,6,163.98,3499.66,1,2025-03-29
2224,50,Male,126,16.1,1,5.0,24.66,0,2025-09-04
2225,43,Male,121,10.2,6,58.43,408.86,1,2025-08-09
2226,44,Female,32,18.1,3,5.0,16.28,0,2025-04-19
2227,30,Male,80,6.6,9,16.0,308.87,0,2024-12-05
2228,23,Female,26,5.7,2,93.79,596.65,0,2024-12-30
2229,49,Male,94,14.2,4,24.85,566.84,0,2025-08-10
2230,21,Female,60,12.6,6,533.68,3292.64,0,2025-04-29
2231,33,Female,79,16.6,8,5.0,25.1,1,2025-05-20
2232,46,Female,23,15.9,2,5.0,9.81,0,2025-06-17
2233,53,Male,70,10.7,4,5.0,37.33,0,2025-02-28
2234,58,Female,139,9.5,5,5.0,20.35,1,2025-07-15
2235,72,Female,44,13.2,7,5.0,115.88,0,2025-05-08
2236,42,Male,52,5.4,3,2249.4,11984.93,1,2024-11-18
2237,23,Female,69,5.1,9,12.86,75.43,0,2025-01-06
2238,67,Female,146,18.9,2,142.89,2158.61,0,2025-02-20
2239,48,Male,43,3.3,3,22.34,422.08,0,2024-12-06
2240,44,Female,56,3.4,1,44.5,178.8,0,2025-05-19
2241,50,Male,74,4.5,0,5.0,13.37,1,2025-02-24
2242,30,Female,38,11.8,8,114.79,2177.18,0,2025-02-19
2243,50,Female,39,8.8,2,10.28,139.11,1,2025-03-01
2244,59,Female,146,5.9,5,11.16,71.01,1,2025-04-18
2245,25,Male,44,17.6,0,5.0,17.85,1,2025-07-01
2246,20,Female,84,13.3,0,9.74,72.1,0,2025-07-07
2247,58,Other,132,8.9,5,726.01,3677.3,0,2025-03-13
2248,27,Female,70,12.9,8,30.11,163.61,1,2025-06-18
2249,18,Male,91,11.3,0,5.0,27.24,0,2024-11-08
2250,57,Female,101,13.3,2,39.27,493.5,1,2025-07-02
2251,64,Male,109,9.6,2,9.24,81.45,1,2025-04-03
2252,18,Male,66,9.0,6,19.7,128.13,0,2025-01-19
2253,26,Female,79,14.1,6,121.35,992.29,0,2024-12-25
2254,22,Female,52,7.5,7,4.65,4.65,1,2025-05-26
2255,18,Male,125,11.7,6,60.98,528.13,0,2024-12-24
2256,43,Male,144,13.2,6,5.0,9.21,0,2024-10-22
2257,52,Female,114,18.7,8,32.84,421.48,1,2025-05-18
2258,35,Male,70,3.3,3,37.97,672.74,0,2025-05-04
2259,29,Other,37,9.1,5,6.14,65.96,0,2025-02-08
2260,41,Female,126,5.6,4,50.76,263.35,1,2024-12-08
2261,45,Female,44,4.9,4,14.89,169.87,1,2025-10-12
2262,61,Male,49,6.8,8,15.99,356.17,1,2025-06-10
2263,26,Male,51,10.7,8,5.0,21.59,1,2024-11-21
2264,47,Female,83,16.5,6,5.0,13.97,0,2025-01-19
2265,65,Female,74,16.5,3,35.97,428.3,1,2024-11-14
2266,18,Male,146,13.1,7,9.76,40.85,0,2025-03-13
2267,42,Male,91,16.6,0,5.0,10.69,0,2024-12-29
2268,49,Female,90,10.6,6,5.0,29.27,0,2025-08-03
2269,24,Female,97,12.1,1,51.71,222.67,1,2024-12-06
2270,55,Male,112,9.4,1,22.22,206.1,1,2025-10-06
2271,58,Male,81,17.5,8,15.12,160.92,1,2025-04-17
2272,49,Female,134,9.1,5,93.35,660.25,0,2025-08-02
2273,56,Other,130,4.2,4,9.48,49.2,0,2024-12-26
2274,41,Female,60,9.4,4,42.67,225.52,0,2024-12-01
2275,34,Female,43,19.0,0,143.78,676.46,1,2025-01-14
2276,59,Female,28,14.6,0,21.94,140.77,0,2025-04-15
2277,45,Female,50,13.4,7,19.33,276.17,0,2025-01-07
2278,62,Female,148,11.4,8,33.7,218.65,1,2025-06-22
2279,66,Male,97,16.2,7,5.0,65.09,1,2025-09-03
2280,63,Female,73,14.2,7,5.0,12.06,1,2025-07-31
2281,69,Female,133,3.9,7,25.58,293.15,0,2025-06-28
2282,62,Female,41,3.2,7,5.0,29.37,0,2025-08-23
2283,18,Female,50,17.5,3,11.07,65.8,0,2025-10-13
2284,30,Female,38,3.2,4,101.26,408.66,1,2024-10-31
2285,39,Male,102,13.0,2,33.87,252.9,1,2025-09-29
2286,55,Male,126,4.8,1,9.47,243.81,1,2025-01-01
2287,56,Female,105,18.9,8,5.0,17.06,1,2025-10-16
2288,57,Female,122,19.2,7,5.0,46.68,1,2025-03-13
2289,43,Female,32,4.6,5,8.23,81.3,1,2025-06-16
2290,46,Male,66,12.8,8,22.52,111.5,0,2025-05-29
2291,71,Female,114,19.9,8,74.8,2341.69,0,2025-09-10
2292,64,Male,112,12.4,5,11.22,46.58,0,2024-11-01
2293,61,Male,49,4.3,8,9.36,38.6,1,2025-06-29
2294,39,Female,38,15.0,0,91.07,1515.54,1,2025-08-26
2295,36,Female,50,8.8,1,842.18,4288.43,1,2025-07-20
2296,59,Female,56,17.8,7,25.13,105.74,0,2025-08-07
2297,57,Female,29,16.5,3,5.0,30.18,0,2025-10-17
2298,33,Female,25,16.6,9,5.0,7.38,0,2025-05-04
2299,29,Female,29,6.3,1,5.0,41.88,1,2025-08-27
2300,34,Female,64,13.4,3,10.12,131.48,0,2025-10-15
2301,51,Female,89,19.2,7,9.99,71.7,0,2024-11-02
2302,41,Male,59,10.6,9,27.04,276.03,1,2025-05-19
2303,58,Male,150,5.8,4,8.1,77.79,0,2025-01-22
2304,53,Female,109,8.1,9,5.85,35.54,0,2025-06-01
2305,38,Female,115,19.2,1,58.7,280.64,0,2025-05-16
2306,29,Female,111,15.1,2,16.67,88.27,0,2025-07-29
2307,37,Female,48,18.8,2,9.25,136.03,0,2024-10-24
2308,57,Male,71,17.1,0,87.0,545.8,1,2025-08-22
2309,43,Male,144,16.4,0,5.0,29.89,0,2024-11-07
2310,26,Male,107,8.2,0,5.0,81.04,1,2025-09-14
2311,60,Male,30,18.8,5,18.56,109.09,1,2025-04-27
2312,30,Male,149,11.0,2,37.79,282.0,1,2025-08-15
2313,31,Female,55,9.8,7,58.75,330.22,1,2024-12-16
2314,30,Male,150,15.4,4,5.0,24.67,1,2025-05-10
2315,59,Female,135,5.2,1,179.81,901.95,1,2024-11-27
2316,45,Male,107,13.5,1,5.71,46.41,0,2025-08-15
2317,59,Male,113,12.1,4,5.0,31.25,0,2024-12-04
2318,25,Male,99,3.8,0,15.46,154.65,0,2025-10-14
2319,28,Female,115,14.7,2,17.86,82.6,0,2025-07-20
2320,37,Female,39,16.1,9,22.06,265.41,1,2025-10-13
2321,28,Female,58,13.1,1,32.66,296.52,0,2025-04-26
2322,31,Male,55,10.4,7,5.0,57.68,1,2025-05-27
2323,31,Female,73,15.9,4,60.75,437.47,0,2025-03-07
2324,44,Male,112,5.0,0,5.0,7.02,1,2025-01-13
2325,71,Male,95,13.2,1,111.73,556.53,0,2025-04-28
2326,55,Female,121,10.7,3,12.42,193.42,0,2025-05-20
2327,29,Male,106,4.8,7,17.72,410.93,1,2025-05-31
2328,31,Male,124,17.2,4,57.1,557.8,1,2024-12-20
2329,54,Female,144,16.4,6,28.61,661.71,0,2024-12-05
2330,41,Male,66,13.3,3,5.0,69.55,0,2025-04-06
2331,52,Male,35,19.2,4,15.42,481.61,0,2025-02-06
2332,30,Female,92,7.4,3,5.0,13.97,0,2025-03-05
2333,62,Female,29,16.4,7,114.52,979.94,0,2024-12-12
2334,35,Female,72,19.2,5,5.0,34.7,0,2025-01-15
2335,65,Male,58,10.0,1,14.14,62.28,0,2024-10-25
2336,63,Male,116,6.1,3,6.68,67.99,1,2025-03-17
2337,53,Other,49,19.8,2,7.02,121.2,1,2025-04-06
2338,33,Male,57,12.0,7,5.0,37.17,0,2025-03-14
2339,44,Female,55,13.5,7,12.63,65.04,1,2024-12-08
2340,71,Female,99,19.7,2,5.86,56.28,1,2025-02-28
2341,33,Female,47,15.3,4,49.99,289.56,0,2025-07-11
2342,63,Male,60,8.0,3,38.56,858.5,1,2024-12-14
2343,42,Female,64,4.8,5,13.82,91.01,0,2025-09-15
2344,65,Male,33,15.1,7,15.9,103.93,0,2025-08-11
2345,59,Male,60,14.7,2,5.0,12.9,1,2025-05-31
2346,24,Female,65,13.6,1,22.17,115.61,0,2025-04-24
2347,49,Male,124,19.5,4,5.0,25.43,0,2025-02-22
2348,33,Male,51,15.0,8,82.7,337.3,0,2025-06-07
2349,67,Male,30,17.9,8,27.57,122.78,1,2025-08-28
2350,32,Male,87,5.7,7,29.04,319.18,0,2024-11-29
2351,59,Female,42,3.2,0,19.4,225.1,1,2025-05-02
2352,24,Female,63,6.7,8,5.0,15.78,0,2025-01-28
2353,59,Female,61,16.2,1,8.75,39.2,1,2024-11-15
2354,34,Male,146,12.8,1,5.0,8.15,1,2024-12-10
2355,37,Male,23,12.6,3,7.24,39.87,0,2025-06-19
2356,74,Male,22,6.7,5,0.81,0.81,1,2025-06-02
2357,71,Male,143,10.6,0,15.76,65.77,0,2025-07-11
2358,39,Male,149,19.7,8,344.64,4559.4,0,2025-09-07
2359,71,Male,31,4.1,4,23.04,124.99,1,2025-07-03
2360,24,Female,145,19.5,3,173.32,723.19,0,2024-10-21
2361,36,Female,96,4.5,9,54.63,658.78,1,2025-03-05
2362,62,Male,132,7.8,3,16.86,108.59,0,2025-06-28
2363,18,Female,83,18.9,6,34.67,154.35,1,2025-08-24
2364,53,Female,49,13.2,6,20.22,252.85,0,2025-01-26
2365,56,Female,111,8.5,2,8.83,42.42,1,2025-05-30
2366,58,Female,125,15.0,3,22.01,255.63,1,2025-06-21
2367,18,Male,66,15.8,2,94.37,965.41,1,2025-05-06
2368,34,Female,133,19.2,7,5.77,83.47,0,2025-09-07
2369,46,Female,77,12.5,9,5.0,23.06,1,2025-02-23
2370,48,Male,119,7.2,1,48.57,352.64,0,2025-08-13
2371,62,Male,86,3.3,6,11.13,90.83,0,2025-05-04
2372,38,Other,113,19.1,7,8.5,56.81,0,2025-09-03
2373,34,Male,136,8.5,5,5.0,14.87,0,2025-03-04
2374,70,Male,87,3.2,7,5.0,25.13,1,2025-10-02
2375,47,Male,138,11.5,2,5.32,28.63,1,2025-08-26
2376,67,Male,47,5.2,0,5.0,25.65,1,2025-02-01
2377,74,Male,49,5.5,1,5.0,20.72,1,2025-10-16
2378,59,Female,71,19.0,5,11.65,196.74,0,2025-09-15
2379,49,Male,94,18.8,3,2.55,2.55,0,2025-05-15
2380,71,Male,145,6.1,7,5.0,88.36,1,2024-12-08
2381,44,Female,147,13.1,3,45.38,494.44,0,2025-09-09
2382,58,Male,131,18.2,8,30.41,414.38,1,2025-08-28
2383,33,Female,148,3.5,9,67.89,498.27,0,2025-03-28
2384,41,Male,128,16.7,4,5.0,26.67,0,2024-12-20
2385,34,Male,43,14.8,3,174.29,1685.86,1,2025-06-20
2386,53,Male,134,6.3,2,11.27,52.79,0,2025-02-28
2387,55,Male,140,12.3,7,48.98,209.91,1,2025-07-04
2388,31,Male,80,13.1,0,5.0,26.4,0,2025-07-30
2389,70,Female,24,18.8,8,5.0,31.27,1,2025-08-19
2390,53,Female,97,11.2,2,5.0,56.14,0,2025-04-09
2391,46,Male,51,12.1,9,15.79,104.97,1,2025-04-02
2392,40,Male,113,9.1,1,40.03,205.72,0,2024-12-09
2393,29,Female,20,6.6,8,26.65,113.32,0,2024-11-07
2394,37,Male,120,15.6,6,5.0,21.67,1,2024-12-16
2395,25,Female,131,16.8,2,191.95,1308.79,0,2025-08-31
2396,27,Male,139,9.1,6,5.48,140.04,1,2025-02-17
2397,49,Female,85,18.7,3,5.0,8.22,0,2025-10-06
2398,33,Female,44,18.1,7,5.0,10.11,0,2025-05-11
2399,19,Male,141,9.4,6,5.91,77.95,1,2025-04-17
2400,20,Male,47,11.6,6,3.17,3.17,1,2025-06-21
2401,45,Male,36,13.9,2,22.52,249.78,1,2025-02-28
2402,40,Male,115,8.4,0,5.0,96.12,0,2025-03-14
2403,50,Female,84,13.1,3,22.56,246.42,0,2025-03-08
2404,44,Female,141,14.0,2,60.29,258.18,1,2025-07-22
2405,20,Female,52,13.4,4,5.0,43.53,1,2025-10-08
2406,18,Male,26,15.7,5,319.44,1968.13,1,2025-05-19
2407,71,Male,41,13.8,1,69.62,636.07,0,2025-04-23
2408,49,Female,53,13.3,1,51.52,1081.74,1,2024-12-05
2409,27,Female,57,13.3,0,5.62,106.41,0,2025-08-04
2410,34,Male,68,15.3,6,85.26,418.37,0,2024-11-26
2411,70,Male,121,13.0,6,98.57,627.18,1,2025-09-28
2412,54,Female,44,16.6,6,3.54,3.54,0,2025-04-03
2413,70,Female,68,15.1,4,20.04,153.77,0,2025-08-28
2414,48,Female,27,9.8,2,8.75,128.7,1,2025-01-29
2415,73,Male,42,14.6,6,5.0,24.54,0,2025-09-17
2416,57,Female,79,8.8,1,5.5,57.39,1,2025-02-15
2417,45,Male,117,5.2,5,6.84,42.77,0,2024-12-08
2418,39,Male,72,17.4,3,7.11,58.85,0,2025-10-01
2419,45,Female,109,9.7,4,12.25,57.21,1,2025-09-01
2420,48,Male,116,5.1,5,839.78,4131.62,1,2025-10-17
2421,32,Female,35,3.6,5,9.99,134.25,1,2025-05-21
2422,44,Female,50,16.4,8,6.52,150.17,0,2024-12-11
2423,18,Other,68,13.1,8,21.9,266.57,1,2024-12-06
2424,18,Male,92,9.6,3,12.16,83.55,0,2025-04-29
2425,24,Male,53,19.5,7,24.5,226.31,1,2025-09-21
2426,48,Male,139,10.4,6,192.18,967.82,0,2025-02-12
2427,42,Male,82,17.7,5,5.01,21.01,0,2025-05-18
2428,46,Female,141,15.9,4,551.92,2488.55,1,2025-08-24
2429,37,Male,22,11.7,3,5.0,5.47,0,2025-02-21
2430,50,Male,72,13.6,2,3.6,3.6,1,2024-12-12
2431,45,Female,20,4.9,5,7.04,34.28,1,2025-01-02
2432,21,Male,142,3.4,2,60.27,350.96,0,2025-05-08
2433,22,Male,61,16.9,4,19.08,303.81,0,2025-06-05
2434,26,Male,132,17.3,4,17.17,195.64,0,2025-04-06
2435,37,Female,73,8.9,0,17.13,165.25,0,2024-12-10
2436,40,Male,106,11.3,8,5.0,15.24,0,2025-08-22
2437,58,Female,68,4.7,1,5.0,11.11,0,2024-10-24
2438,30,Male,26,20.0,5,6.49,38.72,1,2025-06-12
2439,46,Male,64,4.3,7,11.5,98.37,0,2025-08-05
2440,53,Male,65,16.0,9,51.34,254.73,0,2025-04-21
2441,21,Male,116,16.3,8,5.0,40.57,0,2025-07-22
2442,38,Female,125,3.0,1,5.0,7.76,1,2024-11-08
2443,30,Male,110,3.7,5,5.0,29.83,1,2025-03-14
2444,60,Female,53,8.3,9,78.33,1141.42,0,2025-02-27
2445,38,Male,75,6.4,6,16.16,93.32,0,2024-10-25
2446,35,Male,110,12.8,8,45.04,197.69,1,2024-11-21
2447,44,Male,21,5.2,3,13.74,89.95,1,2024-12-25
2448,60,Female,96,10.8,9,15.01,60.05,0,2025-05-15
2449,32,Male,124,11.5,4,108.36,494.0,1,2025-05-23
2450,46,Female,63,10.9,6,5.0,27.0,0,2024-12-08
2451,48,Male,108,10.0,2,7.15,74.98,0,2025-08-14
2452,57,Male,88,8.7,6,123.0,756.78,1,2025-10-18
2453,28,Female,114,8.5,7,19.15,194.64,0,2024-12-24
2454,29,Female,142,4.0,6,5.0,9.43,1,2024-12-10
2455,41,Female,68,12.6,1,10.03,86.38,0,2025-06-16
2456,55,Female,98,8.1,0,57.31,485.2,1,2025-08-01
2457,74,Female,148,15.0,0,36.88,390.5,1,2025-05-18
2458,71,Female,123,12.5,8,27.37,111.3,0,2024-12-18
2459,53,Female,61,3.0,1,5.0,9.52,0,2025-06-06
2460,64,Male,105,18.4,0,5.0,8.67,1,2025-01-05
2461,52,Female,85,6.8,3,3.05,3.05,0,2025-02-13
2462,21,Female,63,5.2,2,5.0,23.7,1,2025-01-23
2463,52,Male,49,13.1,9,5.0,8.96,0,2025-01-28
2464,63,Male,141,13.0,8,5.0,21.12,0,2024-12-21
2465,43,Male,106,5.6,7,5.0,114.16,0,2025-04-17
2466,62,Female,142,4.2,4,5.0,18.28,0,2025-08-27
2467,21,Female,36,19.6,7,6.72,56.45,0,2024-10-21
2468,26,Female,100,6.3,3,45.38,423.67,0,2025-07-30
2469,43,Female,30,6.2,5,36.15,298.27,0,2024-12-05
2470,18,Female,64,11.6,8,29.1,150.07,0,2025-05-23
2471,64,Female,91,18.5,0,5.07,59.96,0,2024-11-16
2472,47,Male,143,16.9,5,5.0,15.38,1,2025-04-09
2473,65,Female,53,3.7,6,74.05,384.28,0,2024-11-17
2474,56,Female,137,6.4,3,18.18,89.63,0,2025-10-18
2475,44,Female,101,7.2,6,53.78,305.96,0,2025-01-08
2476,31,Male,89,16.2,8,5.0,15.93,0,2025-06-20
2477,29,Male,82,10.5,1,24.54,138.41,1,2025-07-20
2478,61,Female,134,5.7,9,36.64,185.52,0,2025-07-28
2479,55,Male,110,18.7,3,6.83,86.18,0,2024-11-29
2480,33,Female,136,9.4,2,14.43,75.45,0,2025-06-25
2481,36,Female,84,7.5,5,25.2,133.66,0,2025-03-17
2482,57,Male,142,5.1,5,5.0,15.99,1,2024-11-24
2483,71,Female,110,18.2,8,5.0,20.57,1,2024-11-12
2484,29,Female,60,3.3,3,6.46,264.46,0,2025-02-19
2485,39,Female,83,15.4,9,13.71,84.23,0,2025-09-23
2486,55,Female,123,11.0,1,19.57,79.09,0,2025-02-05
2487,63,Female,139,17.1,5,20.1,174.8,1,2024-12-23
2488,39,Male,106,10.8,0,5.0,31.34,0,2025-07-05
2489,52,Female,81,13.4,6,5.0,56.86,1,2025-03-20
2490,25,Female,37,18.9,7,109.92,743.52,0,2025-06-25
2491,66,Male,131,7.2,1,5.0,8.77,0,2025-04-18
2492,47,Female,62,14.2,9,5.0,19.06,0,2025-06-26
2493,57,Male,84,4.7,4,5.0,31.05,0,2024-11-28
2494,18,Male,82,8.1,7,5.0,121.1,1,2025-08-13
2495,32,Male,123,18.4,2,12.42,83.37,0,2025-08-21
2496,58,Male,59,10.4,0,7.76,36.86,0,2025-06-01
2497,45,Male,56,3.9,4,57.36,230.84,0,2025-02-15
2498,24,Female,94,5.3,9,7.27,172.23,1,2025-06-11
2499,58,Male,66,5.7,4,19.53,88.6,0,2025-04-06
2500,33,Male,25,18.4,6,30.8,664.62,1,2025-02-23
2501,42,Male,138,10.4,0,11.02,110.28,0,2025-03-17
2502,51,Male,109,13.4,1,31.86,131.13,0,2024-12-30
2503,49,Female,78,14.6,5,90.55,416.28,1,2025-10-16
2504,62,Other,134,12.3,0,6.17,37.86,1,2025-03-28
2505,50,Male,43,17.1,1,168.92,731.99,1,2025-07-08
2506,21,Male,97,5.2,5,45.74,265.2,0,2025-04-16
2507,57,Female,103,3.5,6,44.31,202.72,0,2025-05-02
2508,47,Male,51,15.9,5,30.5,262.38,0,2025-05-17
2509,67,Male,109,11.7,4,11.1,62.34,1,2025-07-14
2510,40,Female,78,17.4,0,8.68,267.1,0,2025-01-03
2511,55,Male,48,5.4,2,548.09,3215.56,1,2024-11-24
2512,63,Male,57,9.7,5,10.45,47.84,0,2025-05-30
2513,22,Male,140,18.9,8,6.33,57.45,1,2025-05-29
2514,65,Other,68,11.7,1,5.0,28.13,1,2025-09-24
2515,52,Female,135,7.4,0,5.0,42.94,1,2025-02-20
2516,72,Female,131,5.6,5,5.0,41.91,1,2024-10-26
2517,35,Female,117,18.2,1,13.3,62.18,1,2024-12-18
2518,59,Male,141,15.8,6,56.08,405.91,0,2025-07-23
2519,24,Male,93,12.7,1,37.68,159.42,0,2024-11-19
2520,22,Male,65,16.1,2,73.12,933.3,0,2025-04-07
2521,38,Female,55,19.5,2,7.77,282.92,0,2025-01-03
2522,39,Female,81,4.1,3,31.21,323.76,0,2024-11-26
2523,74,Female,27,15.0,5,26.57,380.77,1,2024-11-18
2524,50,Male,114,6.1,7,6.94,76.01,0,2025-08-27
2525,46,Male,108,19.6,1,5.0,91.81,1,2025-02-24
2526,42,Other,123,4.3,1,675.11,11519.87,1,2024-12-09
2527,34,Male,109,14.0,8,377.61,1636.15,1,2025-01-30
2528,64,Male,103,3.9,4,8.97,104.04,0,2025-07-13
2529,56,Female,129,9.8,0,6.48,40.84,0,2024-12-02
2530,43,Female,85,18.0,2,37.97,238.05,0,2025-07-05
2531,24,Female,44,5.6,6,2.98,2.98,1,2025-06-21
2532,42,Other,141,14.2,2,8.22,43.01,1,2024-11-06
2533,37,Male,118,19.2,4,14.98,77.92,1,2025-06-25
2534,67,Female,144,4.2,3,36.86,150.16,0,2024-11-25
2535,42,Male,82,8.8,4,10.48,62.75,0,2025-06-24
2536,30,Female,93,6.8,5,1.19,1.19,1,2025-02-11
2537,51,Male,20,10.0,6,12.82,373.87,1,2025-01-26
2538,53,Male,103,19.4,3,17.19,234.27,0,2025-06-02
2539,41,Male,123,15.1,1,10.39,54.9,0,2024-12-07
2540,40,Male,147,15.2,8,17.66,122.99,0,2025-02-27
2541,45,Male,130,9.3,5,5.0,40.94,0,2024-11-12
2542,49,Female,130,16.9,1,5.0,98.05,0,2025-08-09
2543,60,Male,58,6.6,3,347.32,1879.91,0,2025-04-29
2544,36,Female,99,9.4,3,12.16,77.56,1,2025-08-02
2545,42,Male,37,4.6,1,16.13,174.98,0,2025-02-02
2546,70,Female,59,13.2,9,5.79,160.72,0,2024-11-13
2547,44,Male,87,3.5,4,24.36,199.0,0,2025-05-06
2548,30,Female,64,13.3,0,22.61,126.91,1,2024-11-05
2549,27,Male,30,9.0,9,131.41,891.25,0,2025-08-06
2550,73,Male,25,3.2,0,8.76,36.44,0,2025-03-13
2551,34,Female,45,14.4,9,116.72,690.23,0,2025-05-06
2552,63,Male,123,3.5,1,14.05,70.44,0,2025-07-21
2553,32,Male,130,7.8,0,10.07,46.49,0,2025-08-29
2554,61,Male,141,4.0,8,5.0,55.4,1,2025-08-27
2555,26,Female,121,19.2,7,10.33,70.01,1,2025-01-01
2556,38,Female,62,11.9,6,5.0,11.39,1,2025-04-09
2557,45,Female,44,18.7,7,78.47,1628.12,1,2025-03-19
2558,32,Female,44,14.6,9,69.76,581.09,1,2025-03-28
2559,57,Male,109,15.0,0,64.59,301.61,1,2025-05-12
2560,64,Female,126,19.0,7,7.97,70.11,0,2025-07-06
2561,39,Female,130,16.8,5,15.91,119.34,0,2025-09-22
2562,37,Male,47,8.3,4,5.0,16.39,1,2025-02-15
2563,49,Male,86,10.5,5,73.4,661.76,1,2025-04-03
2564,22,Male,48,6.6,9,320.8,1594.62,1,2024-11-06
2565,70,Male,105,3.5,9,6.59,37.84,0,2025-07-25
2566,69,Male,131,8.4,3,51.12,274.33,1,2025-03-12
2567,66,Male,61,18.9,2,5.0,87.29,0,2025-08-17
2568,67,Male,139,7.8,6,58.32,242.53,1,2025-05-29
2569,29,Male,143,7.4,3,63.19,360.4,1,2025-09-14
2570,43,Male,49,10.3,4,5.0,120.15,0,2025-04-29
2571,60,Other,127,17.5,9,554.08,2629.81,0,2024-11-10
2572,67,Male,112,11.3,2,44.12,237.19,1,2025-05-08
2573,29,Female,138,4.1,8,5.0,20.98,0,2025-08-06
2574,42,Male,41,3.4,9,279.67,2042.88,1,2025-07-15
2575,43,Male,130,10.2,1,8.23,91.09,0,2025-08-01
2576,44,Male,30,11.5,1,11.12,83.36,0,2024-12-04
2577,57,Male,76,13.3,4,110.47,754.6,0,2025-09-18
2578,48,Male,114,11.6,0,11.86,59.38,1,2025-03-30
2579,42,Female,103,14.0,8,4.69,4.69,0,2024-12-08
2580,58,Male,79,13.3,0,3.67,3.67,1,2025-09-20
2581,51,Other,30,4.9,7,58.04,294.25,1,2024-12-18
2582,29,Female,111,4.3,9,5.28,33.65,1,2025-04-07
2583,21,Male,47,16.2,1,15.9,76.27,0,2025-10-17
2584,37,Female,138,10.5,1,5.0,36.88,1,2024-12-02
2585,38,Male,58,4.2,4,27.21,154.2,0,2024-11-20
2586,51,Male,80,6.7,5,47.03,262.46,0,2025-08-01
2587,63,Male,98,9.2,1,20.41,105.39,0,2024-12-19
2588,30,Male,98,5.4,4,5.0,9.61,0,2025-08-23
2589,56,Female,115,6.3,9,72.66,351.15,0,2025-02-06
2590,32,Female,112,3.3,5,35.78,206.05,0,2024-11-04
2591,36,Female,70,13.9,6,5.0,32.66,0,2025-03-23
2592,31,Male,90,20.0,1,9.94,43.48,0,2025-08-27
2593,66,Male,26,12.4,1,5.0,10.38,1,2025-10-06
2594,19,Male,64,8.1,9,10.01,51.47,0,2025-08-12
2595,26,Male,119,5.5,3,58.44,263.17,1,2025-08-15
2596,50,Female,143,5.9,0,34.61,294.95,1,2025-07-05
2597,74,Male,35,19.5,4,88.16,484.3,1,2024-11-25
2598,73,Male,50,7.7,0,17.33,131.27,0,2025-03-11
2599,30,Male,79,6.4,1,5.0,24.01,0,2025-09-20
2600,19,Female,36,4.6,6,5.0,31.63,0,2024-11-23
2601,31,Female,82,16.4,3,11.81,101.98,0,2025-08-08
2602,54,Female,135,17.9,1,5.54,26.2,0,2025-04-20
2603,50,Female,100,19.1,4,34.69,460.45,0,2025-06-06
2604,41,Male,130,18.7,8,1073.05,13500.27,0,2025-04-16
2605,38,Female,31,17.3,9,5.0,119.95,0,2025-09-01
2606,60,Female,70,14.8,5,5.0,20.43,0,2025-01-25
2607,52,Female,150,13.4,5,12.74,137.9,0,2025-09-18
2608,53,Female,120,16.5,6,19.14,139.05,0,2025-03-04
2609,63,Female,66,15.2,1,7.88,51.44,0,2025-04-06
2610,22,Male,113,11.8,9,126.96,871.01,0,2024-12-06
2611,46,Female,35,12.2,1,9.99,62.9,1,2024-10-23
2612,29,Male,116,5.4,8,7.49,49.51,0,2025-07-29
2613,41,Male,20,10.3,6,5.0,17.52,0,2025-06-13
2614,74,Female,57,15.7,7,11.52,204.35,1,2025-06-21
2615,48,Male,95,18.4,2,5.0,23.47,1,2025-06-29
2616,53,Female,78,7.4,3,25.19,290.58,0,2025-07-12
2617,63,Male,63,8.3,5,97.54,415.66,1,2025-03-11
2618,48,Female,78,10.2,2,96.25,437.98,1,2025-10-07
2619,21,Female,79,15.9,0,5.76,51.98,0,2025-03-20
2620,56,Male,38,17.7,3,7.56,60.9,1,2025-06-25
2621,60,Female,20,13.4,4,1080.09,5968.92,1,2025-10-08
2622,54,Female,130,14.6,5,5.0,49.46,0,2025-01-30
2623,21,Male,135,17.1,0,16.99,102.88,1,2025-09-15
2624,23,Female,140,3.5,3,28.25,187.58,1,2025-02-06
2625,68,Female,90,8.8,4,5.0,17.49,0,2024-10-23
2626,42,Female,27,14.5,2,5.0,12.09,1,2025-02-18
2627,26,Male,83,16.4,6,6.93,186.89,1,2025-02-04
2628,70,Male,38,18.7,9,5.0,45.37,1,2025-09-03
2629,39,Female,79,5.5,3,9.92,228.81,0,2025-06-18
2630,50,Female,36,19.9,6,5.31,123.73,1,2025-09-05
2631,62,Female,146,19.0,3,78.74,496.19,0,2025-06-23
2632,35,Female,58,14.6,0,86.24,765.83,1,2025-05-07
2633,64,Female,64,15.4,4,20.86,113.57,1,2025-05-10
2634,33,Male,102,12.6,5,10.66,334.13,1,2025-03-04
2635,42,Female,66,17.7,4,47.08,280.2,0,2025-01-01
2636,38,Female,139,15.7,3,27.96,113.01,1,2025-04-11
2637,47,Female,117,16.2,5,12.21,125.6,0,2024-12-21
2638,65,Female,137,7.2,1,43.95,234.64,1,2025-10-13
2639,35,Male,56,4.3,4,343.33,1638.58,1,2025-09-25
2640,40,Female,79,11.6,2,5.0,87.02,0,2025-08-11
2641,72,Female,133,14.6,1,7.28,262.34,0,2025-07-25
2642,51,Male,42,7.2,0,13.73,115.17,0,2025-07-15
2643,33,Female,90,15.9,6,13.92,72.38,1,2025-07-17
2644,53,Female,132,4.9,4,5.0,6.32,0,2025-05-27
2645,40,Other,149,14.4,5,19.87,93.39,1,2025-10-10
2646,38,Female,144,16.2,9,371.8,1593.92,0,2024-11-14
2647,60,Other,41,16.1,8,282.07,2385.64,0,2025-08-17
2648,58,Female,131,5.3,2,27.13,161.85,0,2025-10-16
2649,60,Female,31,8.0,3,35.28,146.35,1,2025-01-12
2650,48,Female,37,15.4,6,79.97,1103.65,0,2025-06-08
2651,66,Female,142,5.4,4,28.2,118.28,0,2025-09-07
2652,72,Female,80,18.1,9,10.57,300.72,1,2025-07-27
2653,60,Female,81,14.7,7,37.0,241.54,0,2025-03-01
2654,30,Female,57,7.3,5,21.38,121.26,0,2024-11-27
2655,61,Male,88,9.3,9,889.16,3983.11,0,2025-05-21
2656,36,Female,36,11.7,2,5.31,36.83,0,2025-02-18
2657,74,Female,58,3.3,5,15.08,69.27,1,2025-05-19
2658,55,Male,84,10.5,5,59.79,262.8,1,2025-10-04
2659,34,Female,83,4.2,5,141.43,1032.66,1,2025-05-29
2660,38,Male,69,14.4,9,5.0,61.49,1,2024-12-04
2661,26,Female,119,19.5,6,176.07,1057.44,1,2025-08-24
2662,61,Male,117,11.9,4,55.3,237.51,0,2024-11-11
2663,51,Female,25,9.1,4,64.66,704.64,1,2025-10-05
2664,50,Other,45,3.1,3,5.0,59.28,0,2025-07-19
2665,50,Female,91,7.0,1,52.54,1194.82,1,2025-08-29
2666,41,Female,34,15.2,6,7.65,42.17,0,2025-04-03
2667,53,Male,59,16.4,8,167.85,949.21,0,2025-10-17
2668,53,Male,145,4.5,8,9.56,155.81,0,2025-02-08
2669,58,Male,38,14.6,8,123.5,574.04,1,2024-11-16
2670,50,Other,55,16.9,3,8.25,36.23,0,2024-10-27
2671,22,Male,69,7.3,7,5.0,27.61,0,2025-01-31
2672,38,Female,68,13.3,9,156.74,2267.22,0,2025-09-21
2673,28,Female,131,3.2,3,5.0,11.67,0,2025-06-20
2674,43,Male,39,13.0,5,5.0,14.92,1,2024-12-15
2675,27,Male,61,14.4,5,6.9,64.17,1,2024-12-14
2676,18,Male,113,12.3,8,5.0,27.32,0,2025-06-08
2677,43,Male,39,18.9,8,34.51,1115.93,0,2025-01-14
2678,51,Female,60,13.7,7,11.72,102.05,1,2025-01-14
2679,54,Male,55,7.6,9,5.0,37.77,0,2025-04-01
2680,48,Other,146,10.8,1,45.39,202.38,0,2025-04-09
2681,64,Female,56,4.5,4,13.04,158.82,1,2025-03-24
2682,67,Male,140,8.6,7,5.0,18.59,0,2025-09-22
2683,59,Female,25,5.5,2,7.32,30.77,1,2025-08-03
2684,38,Female,50,4.4,1,5.0,19.23,1,2025-03-30
2685,45,Male,56,8.9,1,22.07,383.31,1,2024-12-17
2686,50,Male,27,5.5,6,11.16,73.08,1,2025-09-02
2687,25,Male,77,7.1,5,47.9,724.46,1,2025-08-14
2688,67,Female,87,9.3,6,55.72,230.42,0,2025-01-12
2689,25,Male,21,16.9,8,5.98,53.58,0,2025-04-02
2690,71,Male,129,13.2,0,5.0,29.59,1,2025-06-01
2691,46,Male,38,9.7,7,42.42,290.91,0,2025-01-31
2692,29,Male,25,18.4,6,5.84,53.26,1,2025-07-23
2693,74,Male,105,12.9,4,21.35,97.05,0,2025-04-25
2694,27,Male,104,10.2,2,9.66,207.28,1,2024-11-24
2695,46,Female,64,8.7,9,6.83,53.5,0,2025-07-17
2696,61,Male,71,3.5,0,42.13,266.34,0,2024-12-09
2697,34,Male,107,11.8,7,150.9,1233.83,0,2024-11-09
2698,65,Female,85,7.9,3,5.0,14.87,0,2024-10-25
2699,31,Female,53,3.2,3,57.09,396.8,0,2025-04-08
2700,27,Female,81,16.5,6,5.0,50.35,1,2024-10-25
2701,21,Male,44,3.3,5,619.43,2585.43,1,2025-04-22
2702,19,Female,34,4.9,7,5.0,46.44,1,2025-04-02
2703,35,Other,100,8.9,8,8.22,47.88,0,2025-07-10
2704,72,Female,144,8.3,7,13.54,640.61,1,2025-07-02
2705,68,Female,77,13.3,6,5.0,16.71,0,2025-05-11
2706,55,Other,51,10.2,7,15.68,125.25,1,2025-07-19
2707,22,Female,43,12.3,2,1.36,1.36,0,2024-12-23
2708,24,Female,75,17.6,4,14.23,412.98,0,2025-08-16
2709,31,Male,88,19.7,3,5.0,29.38,0,2025-07-03
2710,25,Male,36,9.3,6,16.78,68.1,0,2025-04-23
2711,72,Female,137,4.4,7,21.64,131.54,1,2024-10-22
2712,18,Male,68,9.7,8,48.72,532.2,0,2025-03-26
2713,48,Male,80,7.0,5,158.78,1009.31,0,2025-01-11
2714,36,Male,92,8.4,3,20.92,562.5,1,2024-11-02
2715,54,Male,113,11.6,2,28.87,233.22,0,2025-03-15
2716,54,Male,133,12.0,1,14.51,86.77,1,2025-09-01
2717,57,Male,132,11.9,2,47.51,761.35,1,2025-04-13
2718,60,Female,37,10.9,9,126.03,1309.81,1,2025-01-20
2719,34,Female,26,15.9,2,9.82,51.43,0,2025-10-05
2720,73,Female,55,18.2,6,21.22,159.92,1,2025-01-21
2721,22,Female,38,12.4,5,5.0,83.88,1,2025-02-08
2722,20,Female,43,9.9,2,5.0,91.8,1,2025-08-26
2723,68,Male,38,6.5,2,5.22,22.5,0,2024-11-04
2724,56,Female,81,14.3,3,7.29,44.4,0,2024-12-21
2725,61,Male,139,19.4,1,70.22,1256.63,1,2024-11-15
2726,44,Male,119,16.6,1,10.92,108.17,0,2025-05-21
2727,35,Male,119,6.3,1,138.41,718.01,0,2025-03-10
2728,23,Male,56,15.7,7,329.36,1410.78,1,2024-12-10
2729,57,Other,144,5.8,2,14.48,117.7,0,2025-03-13
2730,37,Male,134,19.7,9,126.51,2805.08,0,2024-11-07
2731,31,Male,43,12.3,3,7.41,49.59,0,2025-09-14
2732,45,Male,54,17.9,1,10.97,47.57,1,2025-02-04
2733,68,Male,73,14.7,8,33.34,134.61,0,2025-09-18
2734,53,Female,31,8.8,9,161.0,891.04,1,2024-11-06
2735,26,Male,65,5.8,1,43.38,220.11,1,2025-06-30
2736,67,Male,67,10.8,9,12.85,55.18,0,2025-07-27
2737,74,Female,70,18.3,1,48.06,252.97,1,2024-11-16
2738,59,Male,105,5.2,5,5.0,145.19,1,2024-12-24
2739,41,Female,20,9.3,0,6.62,75.65,0,2025-07-14
2740,37,Male,117,17.5,7,5.0,19.94,1,2025-04-25
2741,58,Male,52,6.0,9,7.52,55.86,0,2025-04-30
2742,73,Female,41,15.3,9,5.0,32.67,0,2024-12-02
2743,39,Female,112,13.7,3,5.0,17.66,0,2025-01-09
2744,51,Male,149,17.2,6,5.0,12.79,1,2025-10-08
2745,60,Female,64,9.5,2,124.23,537.52,1,2025-09-06
2746,60,Female,39,13.5,6,5.0,39.52,1,2025-06-15
2747,73,Female,69,12.0,2,60.75,328.12,1,2025-04-15
2748,35,Female,118,17.0,4,22.99,108.28,0,2025-07-29
2749,35,Male,26,15.4,6,5.0,20.55,1,2025-01-26
2750,38,Female,53,4.1,6,18.13,802.87,1,2025-04-26
2751,29,Male,115,6.0,6,27.74,386.64,0,2025-09-05
2752,38,Female,64,6.1,0,8.9,132.2,0,2025-08-31
2753,30,Female,140,7.7,0,6.1,70.21,0,2025-07-19
2754,73,Female,108,3.1,3,497.18,4108.67,1,2025-07-15
2755,48,Female,30,10.6,5,2.47,2.47,0,2025-09-27
2756,61,Female,52,6.9,9,8.4,94.2,0,2025-04-29
2757,33,Female,65,4.9,2,5.79,30.42,0,2025-05-20
2758,72,Female,56,14.1,1,10.84,44.2,0,2024-11-03
2759,28,Female,91,10.1,0,16.35,124.8,0,2025-07-07
2760,38,Female,83,11.4,1,224.23,2317.59,0,2024-12-31
2761,70,Male,93,3.3,4,13.83,71.59,0,2025-02-27
2762,35,Female,147,11.4,8,11.36,190.37,1,2025-01-12
2763,41,Male,67,15.6,9,36.09,201.03,1,2025-02-06
2764,39,Female,59,3.9,3,148.87,1234.92,0,2025-01-06
2765,33,Female,124,8.8,8,24.07,479.78,1,2025-01-28
2766,70,Female,42,4.6,6,6.35,31.74,1,2025-03-25
2767,68,Male,22,18.1,0,10.74,144.5,0,2025-04-11
2768,71,Female,84,18.3,1,132.27,1120.14,0,2025-09-01
2769,43,Female,45,16.3,4,8.42,73.88,1,2024-11-04
2770,45,Male,53,12.0,7,29.72,148.64,0,2024-10-27
2771,40,Male,111,13.7,1,12.74,75.62,1,2024-12-03
2772,31,Female,35,8.0,3,2.15,2.15,0,2025-01-07
2773,36,Male,123,11.4,4,29.63,126.14,1,2025-02-03
2774,26,Male,67,18.7,6,20.89,132.33,0,2025-05-11
2775,74,Other,105,13.0,5,5.0,18.11,0,2025-04-20
2776,51,Female,85,19.8,3,11.92,156.34,1,2024-11-29
2777,24,Male,26,6.0,4,5.0,56.24,1,2025-06-02
2778,56,Other,30,18.9,4,5.29,74.27,1,2025-06-24
2779,65,Male,93,9.2,7,31.91,155.29,0,2024-11-03
2780,73,Male,54,3.1,2,68.0,276.29,1,2025-09-08
2781,20,Female,50,5.8,0,60.98,307.19,0,2025-07-06
2782,19,Female,73,6.8,8,25.96,232.8,0,2025-10-15
2783,26,Female,115,7.5,3,22.77,122.95,1,2025-10-14
2784,60,Female,148,16.6,8,8.14,219.89,1,2025-04-28
2785,55,Male,67,18.6,0,5.0,39.35,0,2024-12-03
2786,27,Male,66,5.5,1,7.52,75.26,1,2025-09-04
2787,26,Male,80,17.7,1,14.17,301.38,1,2025-05-12
2788,34,Male,87,3.0,5,5.0,28.97,1,2025-08-21
2789,47,Male,37,17.3,6,13.05,74.14,1,2025-08-23
2790,35,Male,135,18.9,8,373.82,5109.78,0,2025-04-27
2791,24,Female,86,17.3,5,176.52,1349.85,0,2024-12-15
2792,32,Male,110,9.8,8,5.0,6.94,0,2025-01-06
2793,59,Female,54,14.8,2,26.76,630.92,0,2025-01-19
2794,44,Female,119,5.9,9,43.32,197.51,1,2025-05-20
2795,58,Other,54,15.1,5,45.47,283.7,0,2025-08-20
2796,37,Male,143,18.9,5,5.0,50.26,0,2025-03-17
2797,59,Female,143,18.2,2,8.98,39.97,0,2024-11-06
2798,21,Male,54,15.0,7,18.78,84.97,0,2025-03-11
2799,22,Male,105,10.4,1,22.82,92.57,0,2025-03-18
2800,54,Female,30,12.4,9,24.13,202.23,0,2025-01-24
2801,73,Female,93,12.2,3,11.96,81.77,1,2025-06-23
2802,20,Other,78,14.0,6,101.11,561.23,1,2025-10-16
2803,48,Female,146,5.3,9,5.0,52.19,1,2025-09-22
2804,60,Female,24,7.1,3,5.0,26.67,0,2025-09-18
2805,34,Female,115,15.2,8,5.0,23.82,0,2025-04-23
2806,19,Female,80,13.6,5,108.25,667.11,0,2024-10-21
2807,67,Male,78,17.8,3,7.47,128.19,1,2025-07-21
2808,40,Male,105,17.7,2,44.78,251.26,1,2024-11-07
2809,28,Male,50,4.6,6,30.25,168.13,1,2025-05-23
2810,61,Male,124,16.7,8,5.0,35.3,0,2025-10-02
2811,30,Male,39,3.8,0,119.29,594.85,0,2025-10-09
2812,70,Female,136,5.4,6,84.87,1058.56,0,2025-10-10
2813,32,Male,50,13.8,5,207.33,997.49,1,2025-02-05
2814,30,Female,53,4.4,0,54.76,244.99,1,2024-11-01
2815,65,Male,148,9.3,2,35.7,179.63,0,2025-10-04
2816,52,Female,70,7.1,6,9.1,42.73,0,2024-11-23
2817,54,Female,36,19.9,6,242.54,1460.62,0,2025-01-07
2818,27,Female,117,5.5,5,5.0,27.66,1,2025-09-19
2819,30,Male,72,13.9,6,36.77,223.24,0,2025-04-12
2820,64,Male,85,13.5,0,25.56,140.41,0,2025-07-28
2821,59,Male,69,9.9,0,282.16,2878.95,1,2025-03-03
2822,52,Male,114,4.5,9,5.0,11.12,0,2025-04-30
2823,64,Female,58,15.6,4,11.63,54.07,0,2025-04-29
2824,40,Male,96,6.4,8,23.16,439.93,0,2025-03-23
2825,71,Male,23,5.4,9,21.99,108.46,1,2024-12-11
2826,31,Male,103,18.0,6,5.0,65.56,1,2024-12-11
2827,67,Female,89,11.3,5,105.17,850.51,0,2025-10-13
2828,72,Male,44,4.8,4,10.44,156.74,0,2025-10-09
2829,44,Male,76,15.6,2,80.25,499.81,1,2025-06-27
2830,23,Female,53,12.8,8,37.3,317.87,0,2025-07-27
2831,35,Female,119,9.4,0,24.61,138.38,0,2025-07-18
2832,55,Female,28,11.6,0,5.0,142.88,1,2025-10-06
2833,41,Female,29,12.3,7,16.24,71.66,0,2025-10-03
2834,53,Female,145,15.4,1,7.63,223.24,0,2025-03-31
2835,65,Male,30,5.9,3,5.0,20.51,0,2024-11-27
2836,33,Female,52,12.4,8,5.0,8.79,0,2024-12-25
2837,36,Male,134,7.5,2,39.99,545.4,1,2024-12-23
2838,26,Female,97,13.7,9,5.0,37.96,0,2025-03-01
2839,67,Male,26,5.2,8,5.0,13.93,0,2025-06-05
2840,66,Male,111,11.1,4,126.48,746.42,0,2024-11-27
2841,27,Female,97,10.0,7,129.96,599.17,1,2025-03-12
2842,32,Female,143,4.9,4,57.46,325.47,1,2025-10-17
2843,74,Male,103,11.6,4,5.0,19.94,1,2024-11-21
2844,31,Female,142,11.1,0,5.0,21.65,1,2025-08-11
2845,35,Male,83,3.5,5,30.7,187.04,0,2025-09-18
2846,18,Male,136,7.5,2,11.39,157.1,0,2025-07-04
2847,43,Male,114,13.2,6,113.31,468.11,0,2025-03-12
2848,24,Female,40,3.4,6,5.0,10.9,1,2024-11-03
2849,43,Male,38,18.9,6,81.13,497.21,0,2025-06-10
2850,74,Male,52,5.3,7,5.0,101.31,1,2024-10-21
2851,63,Male,79,11.0,1,39.56,347.31,0,2025-04-05
2852,56,Female,146,13.4,0,5.0,23.56,1,2025-09-11
2853,31,Female,55,5.6,5,53.2,520.54,0,2025-02-13
2854,52,Female,144,12.6,7,266.97,1192.75,0,2025-01-21
2855,35,Male,107,18.9,8,5.0,30.16,1,2025-09-25
2856,33,Female,36,9.7,4,268.33,1078.5,1,2025-08-03
2857,44,Male,91,9.6,3,31.79,180.36,1,2025-02-13
2858,33,Other,116,4.4,7,9.06,60.08,0,2025-03-21
2859,48,Other,52,19.6,8,125.46,724.67,0,2024-12-11
2860,60,Female,148,4.2,7,179.06,1033.22,0,2024-11-20
2861,45,Female,29,6.6,0,7.1,77.67,0,2025-03-16
2862,53,Female,147,17.7,2,0.94,0.94,1,2025-05-09
2863,22,Male,77,11.1,0,5.0,10.92,0,2025-07-29
2864,19,Male,33,13.9,2,13.83,88.03,0,2025-01-17
2865,43,Male,34,18.5,5,21.59,273.97,1,2024-11-07
2866,20,Male,27,3.1,9,14.13,159.87,1,2025-07-19
2867,66,Female,73,18.8,7,6.16,93.95,1,2025-02-09
2868,45,Female,66,9.1,2,54.3,327.17,1,2025-08-23
2869,56,Female,43,15.3,8,211.99,925.06,0,2024-11-27
2870,20,Male,28,14.4,9,5.0,8.56,1,2024-12-31
2871,45,Female,65,17.3,7,5.0,6.77,0,2025-01-26
2872,67,Male,106,8.0,4,6.81,32.34,0,2025-01-15
2873,69,Male,24,8.8,8,6.0,95.35,0,2025-05-22
2874,23,Female,135,10.0,6,8.25,34.3,0,2024-10-26
2875,57,Female,62,3.6,6,95.6,596.9,0,2025-05-12
2876,72,Female,46,9.8,9,5.0,44.31,1,2024-11-11
2877,27,Female,115,15.5,8,15.72,74.52,1,2025-03-17
2878,24,Male,118,19.3,3,10.68,221.76,0,2025-09-02
2879,32,Female,135,13.9,2,12.65,521.95,0,2025-08-29
2880,30,Other,44,8.4,8,5.0,23.04,0,2025-08-12
2881,51,Female,107,19.1,1,12.02,79.83,0,2025-04-21
2882,68,Female,104,11.7,7,30.54,152.41,0,2025-01-21
2883,65,Female,103,14.1,4,49.41,597.8,1,2025-02-19
2884,59,Female,71,8.4,3,6.77,28.73,0,2024-12-19
2885,49,Male,34,4.4,1,20.41,192.84,0,2025-10-05
2886,66,Female,34,15.3,1,23.27,256.23,0,2024-11-05
2887,28,Female,37,10.3,7,23.78,172.64,0,2025-03-07
2888,57,Female,60,4.8,5,31.46,443.95,1,2025-04-14
2889,53,Male,93,4.5,6,10.05,213.75,1,2025-06-01
2890,47,Female,44,4.7,3,5.0,25.26,0,2025-01-27
2891,55,Female,60,17.7,4,66.0,921.44,1,2025-10-05
2892,48,Female,94,18.9,7,182.94,938.21,0,2025-02-23
2893,51,Male,127,19.4,8,5.0,16.91,1,2025-07-06
2894,60,Male,129,3.7,5,9.17,72.34,0,2025-05-17
2895,29,Male,80,9.4,4,5.0,41.54,1,2025-02-28
2896,72,Female,37,16.9,2,484.8,3381.01,1,2025-01-05
2897,69,Female,97,11.3,3,5.0,34.94,1,2024-11-02
2898,70,Female,105,14.9,6,10.17,102.74,0,2025-05-09
2899,68,Male,60,18.3,9,5.0,99.52,0,2025-04-02
2900,63,Male,133,4.2,5,12.01,75.43,1,2025-06-29
2901,22,Male,101,5.6,8,16.02,79.42,1,2025-09-26
2902,63,Female,141,17.3,9,11.7,354.01,0,2024-10-26
2903,70,Female,136,14.0,1,29.99,290.26,0,2025-09-01
2904,57,Male,51,8.8,6,130.03,570.47,0,2025-08-04
2905,36,Female,96,6.4,8,15.72,70.36,1,2024-11-30
2906,49,Male,98,18.0,3,29.52,148.51,1,2025-04-02
2907,22,Female,66,16.1,0,8.17,68.69,0,2025-02-04
2908,29,Male,94,14.3,0,42.74,305.32,1,2025-08-08
2909,57,Female,112,4.2,3,5.0,39.28,0,2025-05-23
2910,41,Female,20,18.4,7,53.62,287.42,1,2025-01-23
2911,50,Female,69,4.8,5,5.0,33.45,1,2025-05-13
2912,29,Male,51,4.9,5,117.34,647.68,1,2025-02-01
2913,46,Male,85,16.7,4,5.0,9.7,0,2025-06-06
2914,22,Female,112,9.5,5,48.43,283.12,1,2025-08-18
2915,45,Female,118,3.5,2,5.0,5.22,0,2025-03-27
2916,29,Male,96,11.7,8,5.0,15.6,0,2025-02-05
2917,32,Male,87,9.0,4,9.19,41.01,1,2025-04-13
2918,61,Male,127,17.5,1,5.0,6.59,0,2025-03-04
2919,74,Female,22,6.2,2,5.08,165.9,0,2024-12-23
2920,31,Male,91,6.3,5,17.92,115.95,0,2025-03-21
2921,40,Male,78,15.2,8,14.48,89.42,1,2025-08-20
2922,36,Male,106,17.2,3,28.02,158.36,1,2025-09-04
2923,74,Female,113,9.0,9,350.56,2075.21,0,2024-10-24
2924,62,Female,40,14.7,3,6.23,28.57,1,2024-10-19
2925,72,Male,97,19.7,9,5.0,13.17,0,2025-03-19
2926,63,Male,96,15.8,4,30.48,125.96,1,2025-06-15
2927,52,Female,42,5.6,4,5.0,8.76,0,2025-09-25
2928,24,Female,120,12.3,7,23.88,171.14,0,2025-08-04
2929,33,Female,50,7.3,7,16.73,637.12,1,2025-07-16
2930,67,Male,135,17.3,1,10.98,80.08,1,2025-06-17
2931,42,Male,82,18.0,0,10.62,161.28,0,2024-12-02
2932,27,Male,37,19.3,9,5.0,53.44,0,2025-04-05
2933,58,Male,47,7.6,3,11.11,51.63,1,2025-03-06
2934,64,Female,29,17.1,5,11.13,272.99,1,2025-08-21
2935,40,Male,32,16.8,2,9.42,38.33,0,2025-04-14
2936,34,Female,107,19.8,2,5.0,19.59,1,2025-07-05
2937,71,Male,52,6.7,9,645.79,3209.89,0,2025-03-22
2938,55,Male,101,9.2,9,13.83,179.13,1,2025-08-12
2939,34,Male,90,19.4,2,28.35,308.47,0,2025-03-30
2940,70,Male,47,15.7,5,5.0,38.72,1,2025-07-09
2941,60,Female,108,13.2,0,5.0,56.96,0,2025-03-17
2942,40,Female,120,4.1,5,13.4,309.87,0,2025-08-01
2943,53,Female,106,6.0,6,389.97,2005.32,0,2024-12-25
2944,65,Male,112,9.4,4,19.71,115.68,0,2025-10-06
2945,43,Other,61,12.5,7,6.66,103.89,0,2024-12-27
2946,57,Male,58,6.5,0,9.88,64.96,0,2024-11-24
2947,21,Male,108,14.6,4,5.0,17.97,1,2025-07-08
2948,69,Male,71,11.6,0,11.52,47.38,0,2025-06-11
2949,34,Male,88,9.4,5,10.25,202.04,1,2025-07-28
2950,69,Female,22,7.6,3,45.02,311.46,1,2025-08-30
2951,38,Male,108,13.3,8,5.0,34.24,0,2025-10-03
2952,48,Male,139,19.4,0,24.82,217.43,1,2025-01-04
2953,40,Female,92,15.5,9,25.13,126.26,1,2025-09-28
2954,43,Female,122,3.8,1,11.4,54.4,0,2024-12-09
2955,42,Female,33,4.3,1,5.0,23.33,1,2025-04-15
2956,37,Female,20,15.3,6,47.91,199.69,0,2025-05-18
2957,30,Female,43,15.3,1,54.99,279.08,1,2025-06-06
2958,35,Male,146,19.1,7,68.65,741.91,0,2024-11-16
2959,31,Male,134,7.0,8,10.62,250.38,0,2025-07-08
2960,18,Male,146,18.7,7,5.0,25.33,1,2025-04-04
2961,18,Female,76,13.8,3,9.74,89.25,0,2025-03-26
2962,36,Female,63,8.9,1,46.07,196.8,1,2025-03-14
2963,30,Female,82,11.5,7,5.17,69.83,1,2024-11-09
2964,37,Male,105,7.5,0,10.08,97.76,0,2025-05-20
2965,39,Female,134,9.4,8,45.9,310.91,1,2024-12-02
2966,21,Female,41,9.1,9,14.34,130.86,1,2025-01-26
2967,27,Male,62,16.0,2,24.19,110.74,1,2025-09-14
2968,25,Male,127,5.8,8,5.0,40.06,1,2025-10-05
2969,67,Female,122,8.8,4,5.0,10.6,1,2024-12-09
2970,22,Female,49,6.0,5,5.0,24.77,0,2025-03-15
2971,42,Female,123,13.2,5,13.24,75.16,0,2025-07-01
2972,52,Male,131,8.8,7,22.46,147.4,0,2025-02-18
2973,59,Male,23,3.3,8,5.0,35.92,1,2024-12-10
2974,25,Female,81,3.7,6,172.3,1020.65,0,2025-03-30
2975,37,Male,146,12.3,3,7.39,37.48,0,2025-02-02
2976,58,Male,50,8.2,7,91.34,395.58,0,2025-08-11
2977,70,Female,63,17.1,0,5.0,171.22,0,2024-11-14
2978,56,Female,25,16.9,7,5.29,100.5,1,2025-05-04
2979,70,Male,84,5.4,3,55.29,242.77,1,2025-08-20
2980,63,Female,112,18.1,4,13.26,87.39,1,2025-10-02
2981,59,Female,87,9.9,8,12.29,78.41,0,2024-12-17
2982,18,Male,39,6.7,5,5.0,21.05,1,2025-03-29
2983,38,Male,120,9.7,8,14.25,123.62,0,2024-12-29
2984,41,Female,144,12.8,6,5.0,20.94,0,2025-10-05
2985,24,Male,101,15.6,4,15.77,156.87,0,2024-11-28
2986,64,Female,127,18.1,6,21.62,145.25,0,2025-09-19
2987,18,Male,69,16.4,3,14.08,115.88,0,2024-12-27
2988,36,Male,146,4.8,3,28.73,120.78,0,2024-12-04
2989,35,Female,123,16.3,4,5.0,30.28,1,2025-01-13
2990,25,Male,61,16.8,4,5.99,45.69,1,2025-09-23
2991,33,Male,85,10.6,6,1246.07,6188.3,1,2025-03-02
2992,21,Male,96,3.5,3,30.73,621.74,0,2025-03-28
2993,40,Female,32,14.8,4,81.62,581.25,1,2025-04-21
2994,43,Female,30,7.6,2,62.49,1890.82,0,2024-11-15
2995,37,Male,86,6.1,3,5.69,27.9,0,2025-10-09
2996,20,Female,136,6.8,9,7.34,80.83,0,2025-06-08
2997,28,Male,40,11.9,3,11.96,149.45,0,2024-10-30
2998,19,Female,37,15.1,8,5.39,45.88,0,2025-02-01
2999,50,Male,33,17.7,5,11.69,56.53,0,2025-04-07
3000,28,Female,112,12.6,2,5.0,30.1,0,2025-08-02
3001,55,Female,78,15.6,8,7.08,47.21,0,2025-01-07
3002,28,Female,51,10.7,5,216.0,1384.64,1,2025-07-22
3003,43,Male,121,17.9,3,5.0,24.59,0,2025-06-24
3004,51,Female,32,16.5,7,9.28,95.74,1,2024-11-27
3005,73,Male,88,4.3,7,19.75,603.22,0,2025-10-02
3006,65,Male,36,6.2,3,5.0,13.73,1,2025-05-17
3007,59,Female,82,6.4,8,7.27,30.34,1,2025-04-26
3008,68,Male,77,18.0,2,191.11,780.29,1,2025-07-25
3009,39,Female,23,8.0,8,20.05,343.89,1,2025-06-26
3010,58,Female,89,5.4,1,5.0,19.27,0,2025-10-13
3011,61,Male,75,10.1,9,5.0,6.58,1,2025-06-04
3012,60,Male,124,20.0,8,19.72,100.94,0,2025-08-22
3013,72,Male,27,3.8,0,5.0,19.16,0,2025-05-05
3014,25,Female,150,6.7,6,50.19,258.14,0,2025-03-09
3015,42,Male,102,17.0,6,7.7,37.02,1,2025-06-03
3016,35,Female,22,9.9,2,5.0,44.64,0,2025-09-26
3017,54,Male,53,14.6,0,66.48,315.01,0,2025-04-27
3018,46,Other,97,14.8,2,5.0,153.02,0,2025-05-04
3019,51,Male,34,8.0,8,5.0,5.9,0,2025-02-22
3020,29,Female,23,17.7,4,6.83,222.28,0,2025-05-11
3021,27,Female,55,14.0,4,12.74,70.12,0,2025-01-19
3022,23,Female,125,9.0,2,5.87,106.49,0,2025-02-05
3023,55,Female,107,14.5,0,5.8,24.89,0,2025-08-20
3024,40,Male,34,9.7,4,57.93,2272.62,0,2025-03-01
3025,43,Female,25,16.2,4,50.49,282.04,1,2024-12-26
3026,23,Male,70,8.4,2,15.21,86.44,0,2024-12-16
3027,31,Male,30,9.3,7,10.67,61.6,1,2025-04-29
3028,29,Female,150,4.7,4,85.6,469.28,1,2025-09-16
3029,45,Female,73,12.3,2,13.56,100.71,0,2025-09-04
3030,58,Female,89,11.0,7,5.0,31.43,0,2025-04-10
3031,74,Female,81,8.3,3,22.59,180.78,0,2024-11-09
3032,68,Female,63,3.0,4,54.03,246.75,0,2025-07-11
3033,74,Female,51,8.0,4,5.0,53.14,1,2024-12-07
3034,50,Male,53,11.1,1,30.33,137.28,0,2025-06-17
3035,25,Female,140,4.3,0,123.43,745.76,1,2025-09-13
3036,34,Female,64,17.9,5,5.0,19.53,1,2025-06-26
3037,60,Male,86,5.8,9,23.54,346.64,1,2025-08-13
3038,53,Male,41,12.7,4,6.38,25.66,1,2025-07-27
3039,74,Male,93,9.8,7,62.05,408.37,1,2024-10-23
3040,29,Male,148,10.7,9,23.22,96.5,1,2025-02-09
3041,61,Female,123,19.2,6,39.21,222.64,0,2024-11-30
3042,53,Male,149,14.9,8,9.47,181.07,0,2025-06-12
3043,54,Male,135,4.7,1,23.91,301.7,1,2025-09-08
3044,56,Male,79,15.0,4,4.45,4.45,1,2024-11-25
3045,63,Male,94,19.3,4,36.02,145.63,0,2025-02-09
3046,47,Female,21,13.5,4,5.0,8.14,0,2024-11-11
3047,27,Male,131,10.6,9,8.06,48.11,0,2025-09-18
3048,36,Male,100,13.6,9,20.13,228.15,0,2025-03-01
3049,25,Female,64,11.2,5,49.6,235.65,0,2025-04-25
3050,42,Male,127,10.0,1,48.99,590.16,1,2025-06-20
3051,40,Male,32,15.3,6,24.44,308.17,0,2024-12-03
3052,72,Male,31,6.2,0,18.0,124.96,0,2025-02-21
3053,47,Other,115,11.6,4,5.32,41.33,0,2025-10-16
3054,28,Female,106,4.6,0,16.41,115.32,1,2024-11-12
3055,51,Female,140,18.5,0,12.61,383.0,0,2025-07-20
3056,67,Female,34,6.4,9,5.0,38.71,0,2025-07-27
3057,18,Female,139,15.4,7,5.0,18.37,1,2025-06-28
3058,26,Other,74,16.5,7,7.16,32.65,0,2025-09-06
3059,30,Other,90,4.1,1,10.33,76.53,1,2024-12-27
3060,45,Female,37,11.1,4,44.88,185.16,0,2025-01-16
3061,65,Male,117,13.2,4,23.88,226.69,0,2025-07-14
3062,63,Female,143,6.2,5,61.91,285.34,0,2025-04-16
3063,43,Female,79,4.5,7,9.99,81.65,0,2025-03-08
3064,40,Male,106,16.2,9,27.1,115.59,0,2025-01-30
3065,34,Male,135,3.5,0,88.19,587.98,1,2024-12-31
3066,45,Female,111,5.7,8,32.64,136.49,0,2025-09-27
3067,48,Male,144,16.6,9,5.0,74.87,0,2024-11-19
3068,55,Other,142,7.0,2,170.62,1543.64,0,2025-08-20
3069,54,Male,121,8.2,9,79.11,484.13,0,2025-02-23
3070,21,Male,36,16.8,7,17.2,73.38,0,2025-01-24
3071,34,Male,90,12.1,8,70.39,349.92,0,2025-07-21
3072,23,Male,84,10.3,5,26.47,145.48,1,2024-12-31
3073,39,Male,85,6.2,6,16.07,221.57,0,2024-11-01
3074,46,Female,93,14.5,2,9.91,65.58,0,2025-01-11
3075,48,Female,24,7.5,5,105.95,1331.75,0,2025-01-05
3076,66,Male,69,16.0,2,204.35,3102.48,0,2025-10-12
3077,60,Female,48,20.0,7,77.09,471.29,1,2025-04-02
3078,71,Female,130,10.7,4,5.0,33.5,0,2025-04-03
3079,20,Male,147,7.0,2,30.76,213.74,0,2025-03-12
3080,19,Male,145,14.7,2,5.89,61.91,1,2024-12-18
3081,50,Female,150,15.7,7,14.21,98.19,1,2024-11-20
3082,58,Male,27,15.2,5,5.0,30.24,0,2025-07-25
3083,65,Male,98,7.1,1,63.57,573.76,1,2025-06-10
3084,49,Male,69,6.1,7,5.0,49.24,0,2025-04-08
3085,71,Male,75,19.9,4,5.0,51.74,1,2025-03-28
3086,22,Male,112,16.9,6,141.64,820.32,0,2025-10-10
3087,36,Male,114,12.0,4,5.0,26.51,0,2025-09-27
3088,29,Female,47,4.8,6,178.29,761.72,0,2025-09-10
3089,27,Female,82,7.9,8,19.37,90.31,0,2024-10-27
3090,27,Female,131,18.0,4,6.11,76.57,0,2025-05-14
3091,42,Male,101,5.2,6,30.57,169.65,1,2025-06-01
3092,48,Female,73,3.1,6,174.79,2071.28,0,2025-09-18
3093,26,Male,21,13.2,9,5.0,39.36,1,2024-12-19
3094,47,Female,73,13.5,6,5.0,18.84,1,2025-10-16
3095,63,Male,112,4.6,9,35.8,253.1,0,2025-07-16
3096,23,Female,78,13.3,9,5.0,12.44,1,2025-01-16
3097,22,Female,123,3.2,5,5.0,33.08,1,2025-03-09
3098,59,Female,33,11.3,8,6.45,96.43,1,2024-10-28
3099,47,Female,109,17.2,9,282.09,2327.96,1,2025-09-05
3100,19,Male,140,4.3,5,64.7,279.66,0,2025-01-03
3101,18,Male,35,19.8,2,66.58,650.41,0,2024-11-09
3102,25,Male,65,4.3,9,70.0,318.56,1,2025-06-10
3103,21,Female,110,6.4,3,5.0,93.93,0,2025-06-15
3104,25,Male,66,9.6,6,279.12,1712.84,1,2025-04-13
3105,46,Female,58,7.9,8,47.09,526.97,0,2024-11-11
3106,49,Female,112,3.1,7,36.01,154.86,0,2024-12-21
3107,35,Male,150,16.3,1,9.28,89.59,0,2025-03-22
3108,59,Male,95,19.8,7,5.0,8.22,1,2024-12-05
3109,47,Male,96,16.8,0,5.69,29.64,1,2024-10-31
3110,43,Female,52,13.2,4,6.55,150.78,1,2025-10-02
3111,21,Female,57,14.3,7,79.82,828.18,0,2025-05-06
3112,47,Male,35,10.1,1,5.0,13.51,1,2025-03-06
3113,20,Female,68,15.3,1,117.89,652.97,0,2025-08-22
3114,42,Male,61,12.6,5,55.77,351.9,1,2025-08-04
3115,49,Female,114,10.8,0,318.42,2623.92,1,2025-08-05
3116,43,Male,122,3.5,1,5.0,16.08,1,2025-05-07
3117,28,Female,99,10.8,0,5.0,49.12,1,2025-05-16
3118,61,Female,98,13.3,0,5.0,24.06,0,2024-11-12
3119,61,Male,41,19.9,4,16.78,338.38,1,2025-01-05
3120,29,Male,113,5.7,7,29.05,766.43,1,2025-08-07
3121,50,Female,44,4.3,2,2.79,2.79,0,2025-10-06
3122,50,Female,34,14.1,0,5.0,37.4,0,2024-10-31
3123,73,Male,49,18.9,5,107.58,492.57,0,2024-10-31
3124,28,Male,40,12.4,3,8.3,60.09,1,2025-10-01
3125,70,Female,38,19.1,6,5.0,27.55,0,2025-10-11
3126,66,Female,101,15.5,0,561.18,2642.1,0,2025-06-11
3127,21,Male,34,15.9,3,13.01,65.02,1,2025-08-14
3128,32,Male,138,4.9,3,20.75,91.16,0,2025-04-11
3129,58,Female,133,17.2,2,12.88,72.92,0,2025-04-06
3130,28,Male,88,11.2,3,5.0,21.1,0,2025-02-24
3131,56,Male,22,9.9,0,316.89,1455.26,1,2025-02-16
3132,47,Male,58,6.7,3,5.0,24.68,0,2025-10-18
3133,52,Male,129,5.8,5,5.37,67.42,1,2025-07-16
3134,41,Male,133,17.3,6,5.0,23.73,1,2024-12-19
3135,41,Male,35,11.0,1,7.22,48.4,0,2025-04-13
3136,71,Male,114,7.1,0,6.33,27.65,0,2025-04-20
3137,64,Male,106,8.6,3,109.51,598.28,1,2025-07-02
3138,37,Female,84,6.8,9,8.77,75.53,1,2025-03-01
3139,67,Male,30,18.5,5,101.87,820.41,0,2025-06-17
3140,60,Male,62,19.7,0,6.42,58.46,0,2025-09-21
3141,63,Male,33,17.2,4,5.19,103.12,0,2025-01-18
3142,57,Male,126,6.1,8,5.19,64.23,1,2025-07-26
3143,48,Male,57,13.2,1,5.0,24.13,1,2025-04-03
3144,68,Male,138,19.8,4,5.0,6.42,0,2025-09-06
3145,45,Other,89,17.1,7,5.0,53.59,1,2025-06-08
3146,24,Female,44,11.9,2,18.93,103.12,0,2024-11-12
3147,39,Male,71,15.5,3,5.0,34.07,0,2024-12-29
3148,24,Male,121,14.6,6,41.43,261.33,1,2024-11-04
3149,47,Other,46,6.4,3,5.0,26.46,1,2025-08-10
3150,39,Male,126,8.0,1,29.39,193.87,0,2025-05-09
3151,47,Male,84,15.8,9,547.12,3037.76,1,2024-11-21
3152,43,Male,81,11.6,8,26.77,190.87,1,2025-08-29
3153,36,Male,95,10.9,8,341.12,1599.83,1,2025-07-04
3154,52,Male,125,4.3,9,31.23,458.89,1,2024-10-30
3155,43,Female,140,14.3,7,5.0,45.5,1,2025-06-19
3156,20,Female,24,4.3,7,150.54,1615.89,1,2025-03-08
3157,31,Female,145,14.7,4,769.91,3520.1,1,2025-08-24
3158,35,Male,107,7.0,3,18.39,460.08,0,2025-10-18
3159,56,Female,34,20.0,3,22.95,245.15,0,2025-09-02
3160,64,Female,101,7.5,2,5.0,150.63,1,2025-10-17
3161,19,Male,136,3.9,5,5.0,89.9,1,2025-06-06
3162,39,Female,31,6.5,7,12.08,73.43,0,2025-07-04
3163,24,Female,93,5.7,4,132.16,1158.39,0,2025-04-15
3164,63,Male,59,17.2,0,283.9,1316.26,1,2024-11-07
3165,65,Male,107,19.6,8,5.0,54.98,0,2025-07-29
3166,35,Female,47,18.9,2,105.73,800.35,1,2025-05-09
3167,41,Male,62,11.2,1,111.53,518.59,0,2025-02-13
3168,23,Female,103,5.3,1,5.0,51.67,1,2025-10-05
3169,62,Male,77,5.9,1,127.3,520.05,0,2025-10-12
3170,70,Female,84,8.2,3,53.33,347.31,0,2025-05-15
3171,70,Female,61,7.7,5,5.0,6.42,0,2025-08-12
3172,47,Male,90,4.6,5,48.88,208.61,0,2024-11-20
3173,32,Male,125,14.3,6,5.0,10.42,1,2025-04-07
3174,49,Female,59,3.9,7,15.29,111.17,0,2025-01-12
3175,71,Other,100,18.4,5,25.43,278.89,0,2024-11-29
3176,54,Female,122,15.5,0,5.0,13.91,1,2024-12-14
3177,22,Female,74,14.3,7,16.01,84.29,0,2025-06-10
3178,27,Female,136,4.9,5,46.25,533.94,1,2024-11-12
3179,47,Male,79,4.9,7,53.7,440.71,0,2025-02-17
3180,37,Female,91,8.9,4,5.0,5.47,0,2024-11-21
3181,28,Female,122,17.8,9,380.33,1976.36,1,2025-01-05
3182,71,Male,34,7.6,6,16.76,230.9,1,2025-07-23
3183,46,Female,117,6.5,1,60.57,406.31,0,2025-01-22
3184,62,Male,98,4.5,4,5.0,66.02,0,2025-10-07
3185,48,Female,85,14.0,3,195.65,1161.32,1,2025-06-27
3186,44,Male,114,11.8,0,6.04,113.1,1,2025-02-06
3187,42,Male,114,5.9,1,48.32,225.92,0,2025-05-09
3188,23,Female,102,15.6,5,24.49,491.8,1,2024-11-30
3189,58,Female,134,14.5,2,31.28,130.93,0,2025-01-26
3190,26,Female,61,19.0,2,7.71,39.3,0,2025-10-14
3191,67,Other,122,17.3,8,24.68,264.79,0,2025-06-12
3192,43,Female,108,8.2,4,5.0,30.44,0,2025-03-16
3193,73,Male,58,6.3,0,22.11,271.33,0,2024-11-28
3194,21,Male,96,18.6,1,5.93,37.52,0,2025-07-11
3195,53,Male,134,17.0,0,5.0,99.01,0,2025-06-07
3196,55,Female,110,11.7,8,139.72,1192.19,0,2024-11-02
3197,40,Female,40,12.3,7,5.0,6.05,0,2024-12-09
3198,18,Male,106,3.6,8,9.81,180.38,0,2025-05-15
3199,42,Male,35,10.1,6,5.0,45.67,1,2025-06-21
3200,56,Female,86,5.2,5,288.14,2280.32,1,2025-01-19
3201,58,Female,26,11.1,6,5.0,13.08,0,2025-09-19
3202,69,Male,115,15.7,8,245.29,1193.12,1,2025-01-14
3203,46,Female,62,8.7,6,6.95,31.94,1,2025-05-11
3204,53,Male,45,19.9,3,7.91,146.54,0,2025-10-07
3205,61,Male,45,8.6,1,5.0,50.52,0,2025-05-28
3206,72,Female,51,16.9,0,5.09,47.42,0,2025-06-29
3207,74,Female,130,15.1,2,503.1,2864.31,0,2025-01-20
3208,43,Male,48,8.4,8,14.35,117.41,1,2025-09-19
3209,65,Female,85,7.5,0,326.1,2653.53,0,2025-04-02
3210,47,Male,22,13.2,9,8.56,36.24,0,2025-02-02
3211,72,Male,81,4.7,8,229.85,1224.58,0,2025-05-18
3212,41,Female,49,14.3,9,56.27,1768.11,0,2024-11-25
3213,21,Male,135,11.7,9,7.63,49.94,1,2024-10-26
3214,27,Male,126,12.9,1,15.44,233.07,0,2025-07-29
3215,50,Female,141,4.6,6,9.19,44.31,0,2024-12-28
3216,65,Female,40,4.4,1,5.0,17.42,0,2025-05-04
3217,19,Male,112,15.2,6,24.01,261.35,0,2024-11-14
3218,61,Female,57,15.3,9,19.59,117.47,0,2024-12-11
3219,46,Female,104,19.3,5,22.78,308.53,0,2025-07-20
3220,63,Male,80,5.0,6,39.46,304.92,1,2025-07-15
3221,64,Female,31,5.5,3,5.0,35.94,0,2025-09-03
3222,67,Male,47,3.8,9,6.51,176.71,1,2025-05-09
3223,21,Male,59,18.5,4,5.0,18.93,0,2025-05-23
3224,58,Male,53,15.0,4,5.0,13.49,0,2025-08-30
3225,18,Male,69,16.2,1,19.17,80.43,1,2025-04-23
3226,19,Other,84,19.7,3,5.0,92.92,1,2024-10-28
3227,63,Female,144,4.1,7,12.88,62.97,0,2025-02-19
3228,74,Male,139,11.2,2,24.39,140.72,0,2025-05-06
3229,29,Male,58,18.4,5,13.85,264.25,0,2025-05-09
3230,67,Female,62,12.7,5,6.9,33.4,0,2025-05-24
3231,36,Female,64,11.4,7,104.32,737.11,1,2025-06-28
3232,53,Female,42,3.4,5,10.04,159.54,0,2025-02-20
3233,24,Female,86,11.4,0,40.69,257.51,0,2025-01-11
3234,25,Male,114,6.2,3,12.27,63.47,0,2025-01-18
3235,64,Male,100,15.6,0,7.05,32.43,0,2025-04-25
3236,74,Male,92,3.3,2,5.0,7.63,0,2025-01-03
3237,74,Female,63,16.2,3,35.05,881.32,1,2025-08-18
3238,64,Female,46,3.6,3,162.27,1284.75,1,2025-08-13
3239,45,Female,85,11.1,1,52.92,565.13,0,2025-03-29
3240,32,Male,31,17.9,8,10.52,42.9,0,2025-05-18
3241,39,Male,68,18.6,3,18.75,114.61,1,2024-10-22
3242,59,Female,134,14.2,3,5.78,31.15,0,2025-02-27
3243,38,Male,115,4.7,6,5.0,84.34,0,2025-05-08
3244,19,Male,139,18.9,2,44.24,181.64,0,2025-07-28
3245,23,Female,87,4.6,3,11.75,105.38,1,2025-10-15
3246,19,Female,40,5.2,5,324.28,1490.79,0,2024-11-27
3247,41,Male,31,11.9,0,193.59,828.17,0,2025-06-14
3248,50,Male,81,18.8,5,13.57,64.4,0,2024-12-14
3249,71,Female,138,6.0,1,54.51,389.52,1,2025-02-03
3250,51,Female,75,15.1,5,18.96,127.25,1,2024-12-18
3251,34,Female,124,6.3,3,8.96,52.29,0,2024-12-24
3252,26,Other,143,9.9,0,200.53,1750.13,0,2025-05-22
3253,50,Male,45,16.7,9,6.34,105.16,0,2024-12-27
3254,36,Male,67,16.9,4,131.06,603.43,0,2025-05-09
3255,53,Male,106,6.7,3,28.75,162.91,0,2025-09-18
3256,19,Other,106,15.4,3,84.0,384.3,0,2025-01-24
3257,22,Female,67,6.7,0,5.0,29.04,0,2025-05-31
3258,49,Female,82,7.2,2,54.96,411.07,0,2025-08-16
3259,27,Male,80,10.7,9,5.0,61.86,0,2025-03-08
3260,46,Male,33,8.1,4,5.0,28.8,1,2025-08-31
3261,63,Male,78,19.2,7,5.0,6.49,0,2025-07-11
3262,53,Female,101,15.9,5,5.0,12.37,0,2025-07-06
3263,25,Female,66,6.0,8,33.77,453.21,1,2025-07-12
3264,49,Female,86,11.2,2,14.44,74.12,0,2025-06-14
3265,56,Male,132,6.6,8,13.57,152.71,1,2024-10-20
3266,21,Female,60,8.6,0,5.0,87.96,1,2025-01-24
3267,19,Female,91,8.5,7,8.29,57.39,1,2025-02-15
3268,28,Male,104,6.3,9,132.14,696.93,0,2025-06-01
3269,63,Male,69,17.3,5,10.26,243.59,1,2025-07-23
3270,33,Female,149,7.8,6,123.62,820.02,0,2024-12-24
3271,34,Other,28,6.0,0,8.52,40.39,1,2025-01-24
3272,65,Male,49,15.3,4,5.0,67.51,0,2025-01-07
3273,38,Male,104,4.2,0,5.0,9.77,1,2025-09-07
3274,58,Male,130,12.5,6,13.48,73.3,1,2025-07-06
3275,31,Female,41,18.4,9,5.0,24.41,0,2025-03-02
3276,53,Female,84,9.4,3,41.12,247.03,1,2024-11-16
3277,64,Male,89,17.0,0,5.0,5.87,0,2024-12-10
3278,18,Female,75,6.1,2,30.23,186.61,0,2025-05-20
3279,52,Male,46,15.5,1,0.65,0.65,0,2024-11-15
3280,36,Male,88,15.8,5,5.0,65.77,0,2025-02-25
3281,60,Female,144,5.1,1,7.73,86.89,0,2025-03-01
3282,19,Male,69,14.5,4,212.52,973.21,0,2025-04-08
3283,40,Male,110,14.6,4,3.07,3.07,0,2025-08-08
3284,33,Female,73,3.5,5,2.26,2.26,0,2025-09-13
3285,24,Male,28,13.2,3,5.0,34.88,0,2024-10-26
3286,54,Other,140,4.1,5,19.21,111.54,1,2025-07-11
3287,68,Female,43,9.7,7,76.9,716.74,0,2025-04-22
3288,72,Male,38,11.0,6,66.53,694.44,0,2025-08-04
3289,27,Female,74,13.2,7,5.0,50.78,0,2025-04-20
3290,69,Male,89,9.1,4,14.88,84.96,0,2025-02-27
3291,73,Female,29,19.7,2,61.98,1691.38,0,2025-10-02
3292,70,Female,92,6.8,0,10.23,343.71,0,2025-10-07
3293,46,Female,68,11.7,0,5.0,12.93,1,2025-05-30
3294,49,Male,111,13.4,6,8.74,86.15,1,2025-08-09
3295,46,Female,54,6.2,2,87.32,683.45,0,2025-05-26
3296,68,Male,123,10.3,8,6.45,42.34,1,2025-04-28
3297,46,Female,72,5.8,3,40.34,549.94,0,2024-12-09
3298,35,Female,39,6.0,0,445.37,2981.33,0,2025-05-07
3299,47,Male,86,16.0,9,6.54,27.52,0,2025-10-09
3300,33,Female,91,11.5,6,297.42,1835.18,0,2024-10-22
3301,51,Female,82,5.7,5,26.52,907.81,1,2025-01-23
3302,45,Female,92,3.3,2,8.02,45.96,0,2025-10-05
3303,57,Male,34,12.2,0,272.39,1757.67,1,2025-10-10
3304,26,Male,56,7.7,4,27.0,129.07,0,2024-12-08
3305,19,Male,44,8.5,6,5.0,66.94,0,2025-02-18
3306,58,Female,79,17.4,5,68.61,601.0,0,2024-11-14
3307,47,Male,77,13.0,0,5.0,14.81,0,2024-11-09
3308,32,Female,129,10.7,5,12.12,122.21,1,2025-07-27
3309,57,Female,147,18.3,0,33.71,422.82,1,2025-03-10
3310,20,Female,27,16.0,1,5.23,28.9,1,2024-12-22
3311,25,Female,54,8.4,2,37.4,164.94,1,2024-11-16
3312,21,Male,124,12.0,0,162.87,746.1,0,2025-05-02
3313,30,Female,150,15.2,4,70.47,1357.92,0,2025-05-22
3314,19,Male,100,6.0,1,5.0,19.87,0,2024-12-19
3315,27,Female,81,19.1,9,5.0,5.04,0,2025-07-20
3316,43,Male,124,17.6,8,32.14,588.63,0,2025-02-16
3317,67,Female,117,16.4,6,25.94,124.49,0,2025-09-12
3318,33,Male,135,17.1,6,5.0,33.99,0,2025-06-20
3319,49,Female,98,3.0,9,21.67,823.91,0,2024-11-15
3320,74,Female,36,8.9,5,5.0,11.58,0,2025-03-02
3321,37,Female,53,5.0,1,13.48,119.97,1,2025-04-25
3322,38,Male,97,12.8,8,29.69,150.4,1,2024-11-30
3323,44,Male,113,4.6,5,5.0,10.67,0,2025-08-21
3324,70,Male,125,9.0,4,15.92,233.66,1,2025-07-03
3325,31,Female,88,16.2,7,31.46,141.21,1,2025-10-09
3326,31,Male,46,10.2,1,15.29,107.97,0,2025-09-17
3327,72,Male,132,11.9,7,5.0,26.77,0,2025-03-30
3328,71,Female,127,6.6,4,32.84,260.79,1,2025-03-15
3329,66,Female,21,7.8,0,8.85,69.5,0,2025-09-18
3330,67,Male,49,10.6,1,10.95,76.9,0,2024-10-24
3331,33,Male,60,6.8,4,58.67,390.01,0,2025-09-02
3332,74,Male,125,12.7,8,6.4,35.07,0,2025-07-31
3333,49,Male,66,4.4,3,5.0,7.2,0,2025-02-06
3334,72,Male,80,14.1,8,30.53,812.85,1,2025-04-18
3335,61,Male,20,16.0,7,9.39,58.63,1,2025-08-03
3336,46,Female,149,12.4,2,5.0,21.67,0,2024-12-08
3337,22,Female,128,14.0,7,19.01,249.31,0,2025-06-02
3338,50,Female,71,11.5,4,34.84,155.99,0,2025-08-17
3339,65,Female,57,9.4,3,12.8,116.61,1,2025-09-30
3340,38,Male,39,14.7,9,8.09,86.53,0,2025-08-07
3341,23,Male,24,4.6,8,124.28,799.21,1,2024-10-31
3342,48,Female,56,13.9,4,5.0,54.35,1,2025-01-08
3343,56,Female,86,10.7,0,5.0,77.26,1,2024-12-30
3344,37,Male,54,6.8,3,7.38,51.24,0,2025-09-27
3345,48,Female,150,7.1,1,26.26,199.01,1,2024-11-09
3346,28,Female,50,8.0,8,7.37,104.0,0,2025-08-12
3347,58,Female,24,16.5,3,5.0,13.1,1,2025-04-09
3348,36,Female,79,15.5,6,5.0,38.18,0,2025-03-20
3349,43,Female,45,7.2,7,5.0,53.18,1,2025-01-05
3350,27,Male,32,14.3,9,29.66,281.35,1,2025-01-09
3351,23,Male,42,19.3,3,80.2,486.29,1,2025-10-01
3352,45,Male,104,19.7,4,5.0,87.96,1,2025-01-10
3353,35,Male,91,9.1,1,28.2,369.24,0,2025-08-06
3354,22,Female,132,15.3,4,6.14,52.95,1,2025-01-23
3355,42,Female,103,16.7,1,18.36,178.13,1,2025-07-19
3356,61,Male,40,15.8,6,24.77,143.66,0,2024-11-07
3357,64,Male,74,10.7,5,5.0,22.3,1,2025-07-21
3358,59,Female,48,18.5,2,7.93,169.32,1,2025-03-24
3359,54,Female,48,5.2,4,5.0,29.95,0,2025-04-25
3360,57,Female,127,7.8,1,5.0,17.46,1,2024-12-15
3361,45,Male,48,19.8,7,15.18,621.67,0,2025-07-31
3362,55,Male,126,15.0,9,5.0,6.0,0,2025-05-23
3363,57,Female,125,8.8,8,5.0,61.24,1,2025-03-02
3364,56,Female,35,11.0,9,105.94,614.69,0,2025-02-26
3365,57,Female,60,12.9,0,5.0,105.09,1,2024-11-30
3366,67,Female,25,6.4,0,57.1,554.13,0,2024-12-07
3367,63,Female,68,6.3,3,6.49,60.46,0,2025-06-26
3368,54,Male,140,8.7,1,41.01,202.45,0,2024-12-16
3369,66,Female,44,13.1,3,39.15,219.22,1,2024-10-29
3370,68,Male,67,5.3,5,5.44,125.56,1,2024-12-09
3371,59,Male,31,19.7,9,39.07,195.19,1,2025-01-26
3372,47,Female,86,3.0,3,216.23,1452.81,0,2024-10-25
3373,67,Female,22,9.1,4,6.38,86.35,1,2025-03-20
3374,34,Male,115,16.6,9,5.0,10.47,1,2025-03-18
3375,24,Female,114,18.8,3,17.84,71.4,0,2024-12-07
3376,50,Male,147,14.4,7,6.01,199.77,0,2025-05-14
3377,65,Male,93,13.2,1,85.25,984.88,1,2025-08-20
3378,37,Female,83,4.3,9,68.79,523.17,0,2025-01-24
3379,58,Female,54,6.8,8,5.0,59.12,1,2025-08-13
3380,68,Male,20,17.7,8,286.97,1157.46,1,2025-01-23
3381,32,Female,103,19.5,8,14.78,66.93,0,2025-07-02
3382,23,Male,140,13.8,5,6.64,271.96,0,2025-06-02
3383,51,Male,50,6.9,3,36.84,155.47,0,2025-07-19
3384,60,Female,25,8.1,3,59.91,604.97,0,2025-02-03
3385,68,Female,27,6.3,2,101.68,626.3,0,2025-09-24
3386,23,Female,95,14.9,8,39.36,165.66,0,2024-11-14
3387,64,Female,143,13.5,0,26.58,217.77,1,2024-11-27
3388,25,Female,86,17.4,8,5.2,61.59,1,2025-05-18
3389,49,Male,147,7.8,0,5.0,19.62,1,2025-05-16
3390,38,Male,47,6.8,7,5.0,6.61,0,2025-03-12
3391,61,Male,69,10.0,7,27.9,121.79,1,2025-05-03
3392,53,Female,74,8.7,5,186.13,1479.56,1,2024-11-24
3393,50,Female,86,8.7,9,41.07,194.56,1,2025-01-08
3394,48,Female,147,18.4,6,19.83,80.58,0,2024-12-22
3395,29,Male,130,18.5,5,5.77,42.48,0,2025-01-03
3396,23,Female,62,17.1,1,11.67,187.84,0,2025-07-11
3397,37,Male,83,3.6,6,11.54,80.21,1,2025-04-26
3398,60,Female,49,5.5,7,11.21,49.61,1,2025-08-15
3399,38,Male,88,15.7,4,201.51,1415.08,1,2025-09-25
3400,38,Other,41,7.1,4,5.0,20.16,1,2024-10-21
3401,21,Female,28,8.5,7,49.21,214.29,0,2025-01-23
3402,28,Male,121,19.2,5,102.54,604.95,0,2025-03-10
3403,52,Female,122,12.4,1,70.55,387.47,0,2025-09-19
3404,36,Female,79,18.2,2,130.43,1019.18,0,2024-12-23
3405,25,Female,81,10.1,0,118.04,708.99,1,2025-02-17
3406,41,Female,95,17.4,7,25.05,198.24,0,2024-12-24
3407,63,Male,21,10.8,0,34.22,137.6,0,2024-11-16
3408,62,Female,132,4.9,3,78.99,802.47,0,2025-03-08
3409,48,Female,123,12.4,7,5.0,11.31,0,2024-11-22
3410,34,Male,77,6.8,4,88.42,502.9,1,2025-07-28
3411,51,Male,134,4.1,8,5.0,18.51,0,2025-01-29
3412,67,Female,121,15.4,8,20.06,143.02,1,2025-05-04
3413,35,Male,144,6.5,8,5.0,12.39,0,2025-04-09
3414,64,Female,132,5.0,7,5.0,33.45,0,2025-01-26
3415,51,Male,111,11.5,7,21.24,211.97,0,2025-01-06
3416,18,Female,38,3.2,2,3.4,3.4,0,2025-10-05
3417,68,Male,121,19.9,7,33.41,279.58,1,2025-04-23
3418,37,Female,31,12.6,1,5.0,29.54,0,2025-03-17
3419,57,Male,28,14.3,3,23.81,103.17,0,2025-06-18
3420,68,Male,112,15.5,1,119.03,1667.09,0,2025-03-01
3421,54,Male,96,16.5,4,5.0,43.26,0,2025-07-08
3422,24,Male,116,4.3,9,17.07,123.11,1,2025-02-13
3423,42,Male,137,18.2,4,5.0,158.2,0,2025-04-25
3424,24,Female,22,18.3,3,109.48,570.3,1,2025-06-09
3425,18,Male,48,8.1,6,22.01,105.16,1,2025-01-08
3426,31,Male,135,3.8,5,16.52,484.18,1,2025-07-19
3427,58,Female,139,19.5,6,128.82,702.8,0,2025-10-11
3428,27,Female,134,7.5,9,13.3,61.62,0,2024-11-16
3429,45,Male,141,19.7,3,5.0,20.41,0,2025-04-21
3430,30,Female,80,16.9,8,10.94,72.57,0,2025-07-02
3431,64,Male,94,8.8,5,13.27,434.25,1,2025-05-30
3432,46,Male,50,6.5,4,48.26,222.56,1,2025-07-22
3433,38,Female,145,8.2,5,60.38,2659.28,0,2025-09-06
3434,39,Female,35,16.9,0,5.0,16.32,1,2025-03-01
3435,61,Male,85,18.1,4,5.0,29.79,1,2024-12-13
3436,45,Male,146,3.7,0,21.16,230.93,0,2025-08-25
3437,26,Female,29,14.3,8,11.4,75.03,0,2024-11-11
3438,43,Male,34,16.5,9,50.53,505.92,0,2025-05-11
3439,43,Other,101,18.3,3,5.0,106.15,0,2025-01-04
3440,47,Male,143,8.2,1,5.0,20.1,0,2025-04-22
3441,71,Male,88,8.9,0,16.88,160.85,1,2024-11-18
3442,25,Male,141,19.4,1,125.37,579.35,1,2025-06-27
3443,37,Male,37,18.2,2,100.58,954.93,0,2025-01-15
3444,71,Male,128,16.4,5,3.17,3.17,0,2025-02-27
3445,51,Male,127,9.4,3,33.15,434.62,1,2025-10-13
3446,69,Male,29,6.1,7,17.47,520.99,0,2024-12-27
3447,44,Female,126,7.0,8,5.0,9.87,0,2025-03-11
3448,57,Female,86,9.4,8,5.0,32.42,0,2025-08-01
3449,33,Male,25,10.8,8,36.29,217.16,0,2025-08-01
3450,46,Female,94,3.9,5,5.0,51.73,0,2025-04-13
3451,20,Female,150,13.9,1,35.61,175.86,0,2025-05-11
3452,54,Male,109,12.2,3,5.0,12.43,0,2025-01-01
3453,27,Female,53,8.7,5,5.0,138.37,0,2024-10-19
3454,50,Female,106,12.5,2,54.6,565.03,0,2024-11-03
3455,55,Female,144,8.2,7,5.0,7.29,0,2024-11-26
3456,52,Female,37,11.1,5,13.12,172.39,1,2025-08-17
3457,27,Male,95,7.4,6,52.19,333.94,0,2024-12-15
3458,58,Female,126,8.5,9,27.0,423.91,0,2025-05-06
3459,21,Male,109,16.1,1,19.47,323.52,0,2025-10-10
3460,34,Female,123,15.9,0,7.87,40.16,0,2025-06-02
3461,23,Male,102,13.9,8,5.42,109.37,0,2025-07-17
3462,40,Female,95,12.8,5,19.07,104.54,0,2025-07-12
3463,25,Female,25,17.5,4,77.27,316.44,1,2025-02-03
3464,34,Male,60,9.8,6,5.0,47.91,1,2025-06-08
3465,40,Male,119,4.3,3,34.27,688.54,0,2025-01-02
3466,38,Female,40,4.6,8,5.0,21.46,1,2025-01-20
3467,59,Female,149,9.5,3,5.0,26.24,0,2024-12-23
3468,66,Female,30,8.0,3,95.66,449.04,1,2025-10-01
3469,64,Male,80,8.8,9,6.24,27.14,0,2025-07-23
3470,47,Male,98,8.4,8,11.54,116.29,1,2025-02-28
3471,65,Female,82,10.2,8,152.23,1547.55,0,2025-06-21
3472,27,Male,137,11.0,4,247.43,3601.83,0,2024-10-23
3473,47,Male,109,14.9,4,5.0,37.37,0,2025-06-09
3474,44,Female,69,10.6,1,9.63,64.55,1,2025-08-31
3475,53,Female,83,4.9,2,5.0,121.82,0,2025-08-14
3476,29,Male,69,12.4,6,26.68,917.08,0,2024-12-25
3477,54,Female,55,6.1,7,22.88,235.3,0,2025-08-20
3478,37,Female,43,7.2,5,5.0,8.64,1,2024-12-07
3479,22,Female,108,12.7,1,23.17,214.85,0,2025-05-12
3480,39,Female,30,15.2,9,5.0,12.91,1,2024-12-11
3481,29,Female,116,13.8,5,83.56,366.95,1,2024-12-26
3482,37,Female,73,7.7,0,5.0,6.79,1,2025-02-09
3483,45,Female,88,6.1,6,5.0,11.98,0,2025-06-09
3484,32,Male,73,13.9,7,5.55,108.44,0,2025-04-22
3485,41,Male,21,16.9,2,8.79,36.5,1,2025-09-10
3486,27,Male,56,6.2,8,5.0,53.06,1,2024-10-24
3487,21,Male,26,12.8,7,18.77,434.24,0,2025-01-05
3488,59,Male,50,6.0,4,16.31,109.56,1,2025-06-17
3489,38,Female,116,13.1,8,16.0,264.15,1,2025-01-17
3490,29,Male,125,15.8,0,5.0,20.28,0,2025-01-09
3491,73,Male,120,17.3,0,25.71,116.34,1,2025-10-12
3492,51,Male,84,3.6,2,21.72,186.57,1,2025-09-15
3493,58,Female,43,17.3,9,11.55,267.22,0,2025-04-18
3494,28,Male,123,4.8,1,5.0,17.92,1,2025-09-28
3495,63,Male,36,4.5,4,133.22,1434.54,0,2024-10-27
3496,73,Male,26,8.5,8,5.3,39.63,1,2025-08-10
3497,44,Female,136,14.1,8,5.0,49.56,0,2025-06-13
3498,62,Male,123,12.2,3,209.47,995.45,0,2024-12-24
3499,36,Female,34,7.6,2,16.56,112.26,0,2025-04-14
3500,39,Male,74,12.9,9,5.0,11.94,1,2025-07-19
